preco;anos;km;potencia;tanque;transm
46485;14;60000;62,4;15;Manual
50925;10;48000;79,6;35;Manual
50925;10;42505;79,6;35;Manual
50925;8;55000;79,6;35;Manual
50925;9;72000;79,6;35;Manual
50925;10;56843;79,6;35;Manual
50925;9;62000;79,6;35;Manual
50925;7;30000;79,6;35;Manual
50925;7;52100;79,6;35;Manual
50925;6;48000;79,6;35;Manual
50925;8;17000;79,6;35;Manual
50925;8;22346;79,6;35;Manual
50925;7;45600;79,6;35;Manual
50925;7;40564;79,6;35;Manual
50925;9;78000;79,6;35;Manual
50925;7;45000;79,6;35;Manual
50925;11;47800;79,6;35;Manual
50925;8;52303;79,6;35;Manual
50925;4;40000;79,6;35;Manual
50925;5;56000;79,6;35;Manual
50925;3;14000;79,6;35;Manual
51435;7;24000;99,9;28;Manual
51435;6;25000;99,9;28;Manual
51435;6;42313;99,9;28;Automatic
51435;4;7520;99,9;28;Manual
51675;3;13424;79,6;35;Manual
51675;5;3583;79,6;35;Manual
52425;15;65000;79,6;35;Manual
52425;13;65000;79,6;35;Manual
52425;15;56852;79,6;35;Manual
52425;13;90342;79,6;35;Manual
52425;14;18500;79,6;35;Manual
52425;16;19759;79,6;35;Manual
52425;16;41000;79,6;35;Manual
52425;13;87513;79,6;35;Manual
52425;12;55700;81,4;32;Manual
52425;11;63000;81,4;32;Manual
52425;10;48000;81,4;32;Manual
52425;12;20000;81,4;32;Manual
52425;12;56000;81,4;32;Manual
52425;10;25000;81,4;32;Manual
52425;11;82461;81,4;32;Manual
52425;11;34000;81,4;32;Manual
52425;10;83000;81,4;32;Manual
52425;6;70000;81,4;32;Manual
52425;6;51000;81,4;32;Manual
52425;7;56000;81,4;32;Manual
52425;6;34000;81,4;32;Manual
52425;11;66000;99,5;38;Manual
52425;16;72542;106,1;35;Manual
52725;11;64000;99,8;32;Manual
52725;12;30000;99,8;32;Manual
52725;11;45000;99,8;32;Manual
52725;9;16205;99,8;32;Manual
52800;15;39586;106,1;35;Manual
52800;16;50000;106,1;35;Manual
52800;15;102000;106,1;35;Manual
52800;16;51000;106,1;35;Manual
53085;12;54000;99,8;35;Manual
53085;12;57000;99,8;35;Manual
53085;12;37000;99,8;35;Manual
53085;12;68000;99,8;35;Manual
53085;11;89000;99,8;35;Manual
53085;13;41000;99,8;35;Manual
53085;13;54000;99,8;35;Manual
53085;11;25200;99,8;35;Manual
53085;13;52000;99,8;35;Manual
53085;12;12300;99,8;35;Manual
53085;11;72000;99,8;35;Manual
53085;11;45000;99,8;35;Manual
53085;12;55000;99,8;35;Manual
53175;13;72000;99,8;35;Manual
53175;8;64000;99,8;35;Manual
53175;9;31000;99,8;35;Manual
53175;7;63200;99,8;60;Manual
53175;9;20100;99,8;35;Automatic
53175;7;16800;99,8;35;Manual
53175;5;47377;99,8;60;Manual
53175;9;64000;99,8;35;Manual
53175;6;18000;99,8;35;Manual
53175;5;22000;99,8;35;Manual
53175;5;57993;99,8;35;Automatic
53475;3;38848;99,8;27;Manual
53475;5;53241;99,8;27;Manual
53475;4;5790;99,8;27;Manual
53475;4;2169;99,8;27;Automatic
53475;3;7942;99,8;27;Manual
53475;2;3800;99,8;55;Manual
53475;15;48500;108,6;35;Manual
53475;15;59000;108,6;35;Manual
53475;15;56400;108,6;35;Manual
53475;15;72000;108,6;35;Manual
53475;16;62000;108,6;35;Manual
53475;15;135797;108,6;35;Manual
53475;15;23000;108,6;35;Manual
53475;15;65000;108,6;35;Manual
53475;17;85000;108,6;35;Manual
53475;11;57000;108,6;35;Manual
53475;15;107000;108,6;35;Manual
53475;12;17000;108,6;35;Manual
53475;11;76000;108,6;35;Manual
53475;15;55000;119,7;35;Manual
53475;16;61000;119,7;35;Automatic
53475;14;60000;119,7;35;Manual
53475;15;126535;119,7;35;Manual
53475;14;86000;119,7;35;Manual
53475;11;46721;119,7;35;Automatic
53775;12;26000;108,6;35;Manual
53775;10;47721;108,6;35;Manual
53775;12;48568;108,6;35;Manual
53775;12;18954;108,6;35;Manual
53775;13;67000;119,7;35;Manual
53775;13;53000;119,7;35;Manual
53775;12;54556;119,7;35;Manual
53775;13;64000;119,7;35;Manual
53775;12;41200;119,7;35;Manual
53775;13;42000;119,7;35;Manual
53775;13;91000;119,7;35;Manual
53775;12;75000;119,7;35;Manual
53775;11;15780;119,7;35;Manual
53775;11;78301;119,7;35;Automatic
53775;13;21000;119,7;35;Manual
53775;11;41000;119,7;35;Automatic
53775;11;34000;119,7;35;Automatic
53775;11;57000;119,7;35;Automatic
53775;9;49123;119,7;35;Manual
53775;8;28000;119,7;35;Manual
53925;12;35000;99,8;28;Manual
53925;13;42000;99,8;28;Manual
53985;9;92000;99,8;35;Manual
53985;9;45000;99,8;35;Manual
53985;9;67738;99,8;35;Manual
53985;10;82000;99,8;35;Manual
53985;10;58000;99,8;35;Manual
53985;9;67738;99,8;35;Manual
53985;8;49857;99,8;35;Manual
53985;7;72019;99,8;35;Manual
53985;8;73190;99,8;35;Manual
53985;10;75693;99,8;35;Manual
53985;9;64000;99,8;35;Manual
53985;6;68320;99,8;35;Manual
53985;9;43297;99,8;35;Manual
53985;6;66794;99,8;35;Manual
53985;7;43000;99,8;35;Manual
53985;8;67850;99,8;35;Manual
53985;9;42500;99,8;35;Manual
53985;6;18000;99,8;35;Manual
53985;8;26600;99,8;35;Manual
53985;9;67580;99,8;35;Manual
53985;5;10340;99,8;35;Manual
53985;3;18000;99,8;35;Manual
54000;7;65822;79,3;35;Manual
54000;14;62000;99,8;35;Manual
54000;12;52000;99,8;35;Manual
54000;9;25862;99,8;35;Manual
54000;10;76116;99,8;35;Automatic
54000;10;19000;99,8;35;Automatic
54000;10;35000;99,8;35;Automatic
54000;10;49580;99,8;35;Manual
54000;9;70000;99,8;35;Automatic
54000;7;24000;99,8;35;Manual
54000;10;47884;99,8;35;Automatic
54000;9;54443;99,8;35;Automatic
54000;8;41058;99,8;35;Automatic
54000;10;60116;99,8;35;Automatic
54000;6;71000;99,8;35;Manual
54000;9;42000;99,8;35;Manual
54000;6;27239;99,8;35;Automatic
54150;5;32000;108,6;35;Manual
54150;5;34400;108,6;35;Automatic
54150;5;19000;108,6;35;Automatic
54150;5;28000;108,6;60;Manual
54150;5;46000;108,6;60;Manual
54150;5;30858;108,6;35;Manual
54150;2;3395;108,6;35;Manual
54150;5;43000;108,6;60;Manual
54150;3;19000;108,6;35;Manual
54150;6;13772;108,6;35;Automatic
54150;10;49000;119,8;35;Manual
54150;10;43037;119,8;35;Manual
54150;11;64418;119,8;35;Automatic
54150;8;49000;119,8;35;Manual
54150;10;39276;119,8;35;Manual
54150;10;31000;119,8;35;Manual
54150;8;35134;119,8;35;Manual
54150;8;50374;119,8;35;Manual
54300;12;37000;99,8;35;Manual
54300;13;51000;99,8;35;Manual
54300;11;72600;99,8;35;Manual
54300;10;31100;99,8;35;Manual
54300;10;114000;99,8;35;Manual
54300;12;54000;99,8;35;Manual
54300;10;54420;99,8;35;Manual
54300;10;82682;99,8;35;Manual
54300;13;69276;99,8;35;Manual
54300;10;54000;99,8;35;Manual
54540;11;46000;99,8;35;Manual
54540;8;70000;99,8;35;Automatic
54540;6;43000;99,8;35;Manual
54540;4;4295;99,8;35;Manual
54600;13;41215;93,6;35;Manual
54825;5;76000;99,8;60;Manual
54825;5;50000;99,8;60;Manual
54825;5;48000;99,8;60;Manual
54825;5;31000;99,8;60;Manual
54825;3;15000;99,8;60;Manual
54825;4;19000;119,7;32;Manual
54825;5;50860;119,7;32;Manual
54825;4;30777;119,7;32;Automatic
55125;9;64000;119,6;40;Manual
55125;6;26807;119,6;40;Manual
55125;6;12768;119,6;40;Manual
55125;6;32000;119,6;40;Manual
55125;5;40000;119,6;40;Manual
55125;5;40310;119,6;40;Manual
55125;4;41441;119,6;40;Manual
55125;3;8640;119,6;40;Manual
55125;2;7000;119,6;40;Manual
55125;3;1374;119,6;40;Manual
55125;8;53376;119,8;35;Manual
55185;7;32000;79,9;28;Manual
55185;8;57159;79,9;28;Manual
55185;6;34800;79,9;28;Manual
55185;7;15507;79,9;28;Manual
55185;7;15507;79,9;28;Manual
55185;6;89059;79,9;28;Manual
55185;8;64000;79,9;28;Manual
55185;5;55000;79,9;28;Manual
55185;7;23700;79,9;28;Manual
55185;5;32000;79,9;28;Manual
55185;8;122000;99,9;28;Manual
55185;8;34736;99,9;28;Manual
55185;6;19000;99,9;28;Manual
55185;8;26000;99,9;28;Manual
55185;5;32000;99,9;28;Manual
55185;6;14000;99,9;28;Manual
55185;7;45000;99,9;28;Manual
55185;6;47874;99,9;28;Manual
55185;6;75500;99,9;28;Manual
55185;7;43000;99,9;28;Manual
55185;4;41669;99,9;28;Automatic
55185;6;22541;99,9;28;Manual
55185;5;11183;99,9;28;Automatic
55185;5;32000;99,9;28;Automatic
55425;7;41624;99,8;35;Automatic
55425;10;48000;99,8;35;Automatic
55425;5;25000;99,8;35;Manual
55425;5;48000;99,8;35;Manual
55425;5;34000;99,8;35;Manual
55425;4;47000;99,8;35;Manual
55425;8;11471;99,8;35;Automatic
55425;5;20734;99,8;35;Automatic
55425;4;44300;99,8;35;Automatic
55500;7;40879;119,7;32;Automatic
55500;7;22000;119,7;32;Automatic
55500;7;36000;119,7;32;Automatic
55725;7;50000;99,8;35;Automatic
55725;6;44000;99,8;35;Automatic
55725;7;32000;99,8;35;Automatic
55725;15;80000;124,8;43;Manual
55725;13;89000;124,8;43;Manual
55725;13;75000;124,8;43;Manual
55725;13;65000;124,8;43;Manual
55725;12;89445;124,8;43;Manual
55725;12;54948;124,8;43;Manual
56190;6;29434;104,7;35;Manual
56190;7;46992;119,9;35;Manual
56190;6;91460;119,9;35;Manual
56190;6;27069;119,9;35;Manual
56190;6;53512;119,9;35;Manual
56190;7;34867;119,9;35;Automatic
56190;6;35000;119,9;35;Automatic
56190;6;20000;119,9;35;Automatic
56190;5;12000;119,9;35;Automatic
56400;13;87230;124,8;43;Manual
56400;15;185000;124,8;43;Manual
56475;8;71000;112;43;Manual
56475;8;64000;118,6;43;Manual
56475;8;82844;118,6;43;Manual
56475;10;76000;119,7;43;Manual
56475;9;87500;119,7;43;Manual
56475;9;55660;119,7;43;Manual
56475;10;46000;119,7;43;Manual
56475;10;57000;119,7;43;Manual
56475;6;38000;119,7;43;Manual
56475;7;35000;119,7;43;Manual
56475;10;55000;119,7;43;Manual
56475;9;48000;119,7;43;Manual
56475;10;37959;119,7;43;Automatic
56475;8;22402;119,7;43;Manual
56475;8;47000;119,7;43;Manual
56475;8;53300;119,7;43;Manual
56475;9;69700;119,7;43;Automatic
56475;8;61223;119,7;43;Manual
56475;8;16630;119,7;43;Manual
56475;10;61866;119,7;43;Automatic
56475;5;10265;119,7;43;Manual
56475;6;55221;119,7;43;Manual
56475;7;30000;119,7;43;Manual
56475;6;45000;119,7;43;Manual
56475;7;47000;119,7;43;Manual
56475;5;28000;119,7;43;Manual
56475;6;53000;119,7;43;Automatic
56475;6;56000;119,7;43;Manual
56475;9;58078;119,7;43;Manual
56475;7;61400;119,7;43;Manual
56475;7;29000;119,7;43;Manual
56475;8;29000;119,7;43;Automatic
56475;6;57847;119,7;43;Manual
56475;5;25000;119,7;43;Manual
56475;4;52236;119,7;43;Manual
56475;4;52236;119,7;43;Manual
56475;5;15000;119,7;43;Automatic
56475;4;37003;119,7;43;Manual
56475;7;49422;119,7;43;Automatic
56475;3;18105;119,7;43;Manual
56625;10;79000;119,7;43;Manual
56625;13;38091;119,7;45;Manual
56625;11;23086;119,7;43;Manual
56625;11;34000;119,7;45;Manual
56625;11;85785;124,8;43;Manual
56625;8;114000;136,4;45;Manual
56625;9;76000;136,4;45;Manual
56775;7;42000;119,8;35;Manual
56775;7;27000;119,8;35;Manual
56775;5;60969;119,8;35;Manual
56895;5;32000;119,9;35;Manual
56925;11;73000;119,6;45;Manual
56925;9;64000;119,6;45;Manual
56925;11;87000;139,9;45;Manual
56925;10;82000;139,9;45;Manual
56925;14;72000;139,9;45;Manual
56925;11;64983;139,9;45;Manual
57075;4;74000;119,7;37;Manual
57075;4;35000;119,7;37;Automatic
57075;3;9232;119,7;37;Automatic
57075;4;18000;119,7;60;Manual
57075;4;17000;119,7;37;Automatic
57075;3;45000;119,7;60;Manual
57075;2;2272;119,7;37;Manual
57075;3;6600;119,7;37;Automatic
57075;7;6000;146,1;41;Manual
57315;5;6400;149,6;44;Automatic
57315;6;17000;149,6;44;Automatic
57375;10;56918;119,8;41;Automatic
57405;2;7500;119,9;37;Manual
57600;6;8000;119,7;37;Automatic
57600;5;11000;119,7;37;Manual
57600;5;11874;119,7;37;Automatic
57600;5;11874;119,7;37;Automatic
57600;4;11000;119,7;37;Manual
57600;7;38258;124,8;37;Manual
57600;6;28851;124,8;37;Manual
57600;6;43000;124,8;37;Automatic
57600;6;65000;124,8;37;Manual
57600;5;80849;124,8;37;Manual
57675;2;6000;119,7;37;Manual
57675;3;14366;119,7;37;Manual
57675;3;14722;119,7;37;Manual
57675;3;24000;119,7;37;Automatic
57675;2;10000;119,7;37;Manual
57750;11;47000;119,7;42;Manual
57750;13;28513;119,7;42;Manual
57750;12;30000;119,7;42;Manual
57750;11;66000;119,7;42;Manual
57750;10;68005;119,7;42;Manual
57750;11;68000;119,7;42;Manual
57750;13;69000;119,7;42;Manual
57750;10;20000;119,7;42;Manual
57750;10;55000;119,7;42;Manual
57750;9;80000;119,7;42;Manual
57750;8;53807;119,7;42;Manual
57750;8;45000;119,7;42;Manual
57750;8;48200;119,7;42;Manual
57750;7;65000;119,7;42;Manual
57750;10;25704;119,7;42;Manual
57750;10;75000;119,7;42;Manual
57750;6;40000;119,7;42;Manual
57750;8;64928;119,7;42;Manual
57750;5;29000;119,7;42;Manual
57750;6;50000;119,7;42;Manual
57750;5;13000;119,7;42;Manual
57750;9;50599;119,7;42;Manual
57750;6;58000;119,7;42;Manual
57750;5;17881;119,7;42;Manual
57750;5;26000;119,7;42;Manual
57750;8;26357;119,7;42;Manual
57750;4;10000;119,7;42;Manual
57750;6;54000;119,7;42;Manual
57750;4;58736;119,7;42;Manual
57750;5;44710;119,7;42;Manual
57750;5;46027;119,7;42;Manual
57750;13;120000;124,8;42;Manual
57750;9;112000;124,8;42;Manual
57750;11;26000;124,8;42;Manual
57750;9;36528;124,8;42;Manual
57750;7;140000;124,8;42;Manual
57750;10;141334;124,8;42;Manual
57750;10;86000;124,8;42;Manual
57750;7;105000;124,8;42;Manual
57750;7;10500;199,8;44;Automatic
57750;4;13000;199,8;44;Automatic
58260;7;86006;136,4;45;Manual
58290;9;89000;149,8;40;Manual
58290;5;71569;149,8;40;Manual
58425;9;32545;119,7;45;Manual
58500;14;32000;119,8;42;Manual
58800;9;85000;249,8;60;Manual
58800;9;65000;249,8;60;Manual
58800;6;24000;249,8;60;Manual
58800;7;79000;249,8;60;Manual
59100;15;115000;119,7;45;Manual
59100;13;26000;139,6;45;Automatic
59100;10;68000;139,6;45;Manual
59100;12;76148;139,6;45;Manual
59100;10;75000;139,6;45;Manual
59325;9;42000;119,8;40;Automatic
59325;8;50000;119,9;40;Manual
59325;9;52000;119,9;40;Manual
59325;8;54440;119,9;40;Manual
59325;8;18800;119,9;40;Manual
59325;9;42000;119,9;40;Automatic
59325;7;45000;119,9;40;Manual
59325;7;92270;119,9;40;Manual
59325;7;24100;119,9;40;Manual
59325;8;80000;119,9;40;Automatic
59325;7;99000;119,9;40;Automatic
59325;7;24003;119,9;40;Manual
59325;7;48650;119,9;40;Automatic
59325;6;23000;119,9;40;Automatic
59325;9;68244;149,8;40;Manual
59550;11;53000;119,8;45;Manual
59550;11;39000;119,8;45;Manual
59550;11;65000;119,8;45;Manual
59550;10;43550;119,8;45;Manual
59550;9;80852;119,8;45;Automatic
59550;10;72782;119,8;45;Manual
59550;10;111000;119,9;45;Manual
59550;11;78000;119,9;45;Manual
59550;11;78000;119,9;45;Manual
59550;11;76000;159,8;45;Manual
59565;5;53929;99,9;45;Manual
59565;6;50197;99,9;45;Manual
59565;3;24000;99,9;45;Manual
59565;4;20124;99,9;45;Manual
59565;8;68000;119,7;45;Automatic
59565;7;41417;119,7;45;Automatic
59565;4;43260;119,7;45;Automatic
59565;8;52600;119,8;45;Manual
59565;9;50000;119,8;45;Manual
59565;9;70000;149,8;45;Manual
59565;10;54000;149,8;45;Manual
59730;10;24000;149,6;44;Automatic
59730;9;34303;149,6;44;Automatic
59730;4;19759;149,6;44;Automatic
59775;9;68397;119,7;45;Manual
59775;9;68766;119,7;45;Manual
59775;9;61900;119,7;45;Manual
59775;9;33000;119,7;45;Manual
59775;9;47752;119,7;45;Manual
59775;9;67000;119,7;45;Manual
59775;7;47000;119,7;45;Manual
59775;7;20281;119,7;45;Manual
59775;5;48000;119,7;40;Manual
59775;6;42601;119,7;45;Manual
59775;7;51349;119,7;45;Manual
59775;6;23000;119,7;40;Manual
59775;5;31000;119,7;45;Manual
59775;7;42000;119,7;45;Manual
59775;5;35000;119,7;45;Manual
59775;4;58100;119,7;45;Manual
59775;8;100000;119,7;45;Manual
59775;6;9000;119,7;45;Manual
59775;7;48591;119,7;45;Manual
59775;7;17268;119,7;45;Manual
59775;5;42678;119,7;45;Manual
59775;7;36597;119,7;45;Manual
59775;6;33647;119,7;40;Automatic
59775;8;9889;119,7;45;Manual
59775;8;58339;139,6;45;Manual
59775;8;75210;139,6;40;Manual
59775;8;80000;139,6;40;Manual
59775;9;61000;139,6;45;Manual
59775;9;65000;139,6;45;Manual
59775;8;38000;139,6;45;Manual
59775;7;65000;139,6;45;Manual
59775;8;72114;139,6;45;Manual
59775;8;61181;139,6;45;Manual
59775;7;65000;139,6;45;Manual
59775;4;30000;139,6;45;Manual
59775;11;51500;149,3;55;Manual
59775;11;60000;149,3;55;Manual
59775;3;8000;199,7;57;Manual
59775;3;14000;199,7;57;Manual
59775;3;8519;199,7;57;Manual
59775;2;10000;199,7;57;Automatic
59775;3;3813;199,7;57;Manual
59775;3;4400;199,7;57;Automatic
59775;3;23280;199,7;57;Manual
59775;3;12000;218,4;57;Manual
59775;4;28000;218,4;57;Manual
59775;3;37500;218,4;57;Manual
59775;3;14000;218,4;57;Automatic
59775;3;17000;218,4;57;Manual
59775;3;14500;218,4;57;Manual
59775;3;17000;218,4;57;Manual
59775;2;11000;218,4;57;Automatic
59775;4;30000;218,4;57;Automatic
59775;2;15000;218,4;57;Automatic
59775;2;4500;218,4;57;Automatic
59805;10;71000;124,8;45;Manual
59805;10;62000;149,8;45;Manual
59850;10;67000;119,8;35;Automatic
59850;10;44527;119,8;35;Manual
59850;10;53610;119,8;35;Manual
59850;10;58600;119,8;35;Manual
59850;8;63882;119,8;35;Manual
59850;10;29442;119,8;35;Automatic
59850;10;65000;119,8;35;Manual
59850;8;50000;119,8;35;Manual
59850;7;87150;119,8;35;Manual
59850;7;38700;119,8;35;Manual
59850;5;42000;119,8;35;Manual
59850;10;50000;119,9;35;Automatic
59850;4;40000;119,9;37;Manual
59850;10;62500;149,8;35;Manual
59850;10;110000;149,8;35;Manual
59850;11;72567;149,8;35;Manual
59850;10;75000;149,8;35;Manual
59850;11;79500;149,8;35;Manual
59850;9;63587;149,8;35;Manual
59850;5;56000;149,8;35;Manual
59865;3;13000;99,9;40;Automatic
59865;2;4000;99,9;40;Automatic
59880;6;43000;104,7;35;Manual
59880;6;48144;119,9;35;Manual
59895;3;9000;119,9;35;Automatic
59895;2;1500;119,9;44;Manual
59910;3;28000;99,9;40;Manual
59910;6;81000;119,8;44;Automatic
59910;5;33000;119,8;44;Manual
59910;6;20251;119,8;44;Manual
59910;6;35000;119,8;44;Automatic
59910;6;8922;119,8;44;Automatic
59910;6;65000;149,7;44;Manual
59910;6;82200;149,7;44;Manual
59910;7;28000;149,7;44;Manual
59925;5;43600;99,8;45;Automatic
59925;4;23000;99,8;45;Manual
59925;4;24013;99,8;45;Manual
59925;5;27464;99,8;45;Manual
59925;3;7500;99,8;45;Manual
59925;4;16282;99,8;37;Automatic
59925;4;15000;99,8;45;Automatic
59925;3;8800;99,8;45;Manual
59925;5;28000;99,8;45;Automatic
59925;2;3383;99,8;45;Manual
59925;4;26200;99,8;45;Automatic
59925;4;12905;99,8;37;Manual
59925;3;10700;99,8;45;Manual
59925;2;6200;99,8;45;Manual
59925;3;10530;99,8;37;Automatic
59925;3;20000;99,8;45;Manual
59925;10;56000;112;43;Manual
59925;10;81000;112;43;Manual
59925;7;55000;112;43;Manual
59925;6;78900;112;43;Manual
59925;5;39000;112;43;Manual
59925;7;27000;118,6;43;Manual
59925;6;65555;118,6;43;Manual
59925;7;23000;119,6;42;Manual
59925;10;40000;119,7;45;Manual
59925;12;68000;119,7;42;Manual
59925;11;29135;119,7;45;Manual
59925;10;46000;119,7;45;Manual
59925;11;79287;119,7;45;Manual
59925;10;74000;119,7;43;Manual
59925;10;57402;119,7;42;Manual
59925;7;69000;119,7;42;Manual
59925;9;11628;119,7;43;Manual
59925;10;59000;119,7;42;Manual
59925;10;23000;119,7;45;Manual
59925;9;52000;119,7;42;Manual
59925;10;52000;119,7;42;Manual
59925;7;75000;119,7;42;Manual
59925;10;30183;119,7;42;Manual
59925;10;65000;119,7;42;Manual
59925;8;74000;119,7;42;Manual
59925;9;48000;119,7;37;Manual
59925;6;62000;119,7;37;Manual
59925;9;23103;119,7;43;Manual
59925;6;66000;119,7;43;Manual
59925;7;82000;119,7;37;Manual
59925;9;13716;119,7;42;Manual
59925;8;26000;119,7;42;Manual
59925;10;102000;119,7;42;Manual
59925;9;57654;119,7;45;Manual
59925;7;34908;119,7;37;Manual
59925;8;53000;119,7;37;Manual
59925;7;61518;119,7;37;Manual
59925;9;70000;119,7;42;Manual
59925;8;22700;119,7;45;Manual
59925;7;68000;119,7;37;Manual
59925;7;36000;119,7;37;Automatic
59925;7;35000;119,7;37;Automatic
59925;7;44100;119,7;42;Automatic
59925;9;45000;119,7;45;Manual
59925;6;32000;119,7;37;Manual
59925;5;27469;119,7;37;Manual
59925;7;38674;119,7;42;Manual
59925;7;36058;119,7;37;Manual
59925;5;42356;119,7;37;Manual
59925;7;51145;119,7;37;Manual
59925;7;58000;119,7;37;Automatic
59925;3;35500;119,7;37;Manual
59925;6;32000;119,7;37;Manual
59925;4;42000;119,7;37;Manual
59925;8;38779;119,7;37;Manual
59925;7;40000;119,7;37;Automatic
59925;7;35616;119,7;37;Automatic
59925;7;58146;119,7;37;Manual
59925;6;64300;119,7;40;Manual
59925;5;74000;119,7;37;Manual
59925;4;55000;119,7;37;Manual
59925;5;16652;119,7;37;Manual
59925;6;31000;119,7;37;Manual
59925;6;68818;119,7;37;Automatic
59925;5;19244;119,7;37;Manual
59925;4;25000;119,7;37;Manual
59925;3;16000;119,7;37;Manual
59925;5;31552;119,7;37;Automatic
59925;6;42000;119,7;37;Automatic
59925;5;55000;119,7;37;Manual
59925;4;39000;119,7;65;Manual
59925;7;48069;119,7;42;Automatic
59925;3;58000;119,7;37;Manual
59925;6;39000;119,7;37;Automatic
59925;4;39000;119,7;37;Manual
59925;6;40000;119,7;37;Automatic
59925;5;25000;119,7;37;Automatic
59925;2;4000;119,7;37;Automatic
59925;5;37500;119,7;37;Manual
59925;3;8499;119,7;37;Manual
59925;5;9644;119,7;37;Automatic
59925;3;22000;119,7;37;Manual
59925;4;7000;119,7;37;Automatic
59925;3;11030;119,7;37;Manual
59925;6;21365;119,7;37;Automatic
59925;3;25000;119,7;37;Automatic
59925;2;10000;119,7;37;Automatic
59925;3;12020;119,7;37;Automatic
59925;7;34000;119,8;35;Manual
59925;7;55000;119,8;45;Manual
59925;6;53848;119,9;35;Manual
59925;5;54000;119,9;35;Automatic
59925;4;25000;119,9;35;Manual
59925;5;74237;119,9;35;Manual
59925;2;1000;119,9;35;Manual
59925;5;22224;119,9;35;Automatic
59925;3;8700;119,9;35;Automatic
59925;16;65000;124,8;42;Manual
59925;13;90000;124,8;42;Manual
59925;13;65000;124,8;42;Manual
59925;11;42000;124,8;42;Manual
59925;10;64000;124,8;42;Manual
59925;9;65000;124,8;42;Manual
59925;7;39000;124,8;44;Manual
59925;10;89000;124,8;42;Manual
59925;10;75000;124,8;42;Manual
59925;9;55000;124,8;42;Manual
59925;8;55353;124,8;42;Manual
59925;8;85000;124,8;42;Manual
59925;9;50000;124,8;42;Manual
59925;9;90000;124,8;42;Manual
59925;6;46000;124,8;42;Manual
59925;4;5923;124,8;44;Manual
59925;8;88000;124,8;37;Manual
59925;10;89000;124,8;42;Manual
59925;11;37000;124,8;42;Manual
59925;6;84500;124,8;37;Manual
59925;7;35000;124,8;42;Manual
59925;8;62000;124,8;37;Manual
59925;6;68500;124,8;37;Manual
59925;7;36000;124,8;37;Manual
59925;8;52000;124,8;48;Manual
59925;7;61000;124,8;48;Manual
59925;7;76000;124,8;42;Automatic
59925;7;48000;124,8;37;Manual
59925;8;70000;124,8;48;Manual
59925;8;45000;124,8;48;Manual
59925;8;50000;124,8;48;Manual
59925;6;64000;124,8;48;Manual
59925;6;92000;124,8;37;Automatic
59925;7;61000;124,8;37;Manual
59925;6;55000;124,8;37;Automatic
59925;6;66000;124,8;37;Automatic
59925;8;68921;124,8;37;Manual
59925;7;73000;124,8;48;Manual
59925;6;67900;124,8;48;Manual
59925;7;71000;124,8;48;Manual
59925;6;42000;124,8;48;Manual
59925;7;64000;124,8;48;Manual
59925;7;75000;124,8;48;Manual
59925;7;75793;124,8;48;Manual
59925;7;80000;124,8;48;Manual
59925;6;36000;124,8;48;Manual
59925;5;72040;124,8;37;Automatic
59925;7;94827;124,8;48;Manual
59925;6;80000;124,8;48;Manual
59925;7;50000;124,8;48;Manual
59925;6;66000;124,8;37;Manual
59925;6;30000;124,8;48;Manual
59925;5;25500;124,8;48;Manual
59925;6;48174;124,8;48;Manual
59925;5;81300;124,8;48;Manual
59925;6;37093;124,8;48;Manual
59925;6;85000;124,8;48;Manual
59925;6;33030;124,8;48;Manual
59925;6;53694;124,8;48;Manual
59925;6;82000;124,8;48;Manual
59925;7;70000;124,8;48;Manual
59925;5;46000;124,8;48;Automatic
59925;6;50500;124,8;48;Manual
59925;6;71000;124,8;48;Manual
59925;5;58000;124,8;48;Manual
59925;5;54572;124,8;48;Manual
59925;5;74179;124,8;48;Automatic
59925;5;90000;124,8;48;Manual
59925;11;98500;133,6;45;Manual
59925;11;95610;133,6;45;Manual
59925;12;82000;133,6;45;Manual
59925;9;59000;139,6;45;Manual
59925;8;70500;139,6;45;Manual
59925;8;84000;139,6;45;Manual
59925;7;72000;139,6;45;Manual
59925;5;42000;139,6;45;Manual
59925;3;37556;139,6;45;Manual
59925;3;17283;146,2;48;Manual
59925;3;48000;146,2;48;Manual
59925;3;24000;146,2;48;Manual
59925;3;1910;146,2;48;Automatic
59925;7;65000;149,3;60;Manual
59925;8;92000;149,3;60;Manual
59925;7;69000;149,3;60;Automatic
59925;9;115339;149,3;60;Manual
59925;9;49776;149,3;60;Automatic
59925;7;44000;149,3;60;Manual
59925;3;43000;149,3;37;Manual
59925;5;85641;149,3;60;Manual
59925;5;88000;149,3;60;Manual
59925;4;56000;149,3;45;Manual
59925;2;1700;149,3;45;Manual
59925;3;13000;149,3;45;Automatic
59925;3;22000;149,3;45;Automatic
59925;5;60888;149,7;42;Manual
59925;4;57400;149,7;42;Manual
59925;3;27000;149,7;42;Manual
59925;4;52000;149,7;42;Manual
59925;4;31348;149,7;42;Manual
59925;8;44613;149,8;40;Manual
59925;7;69508;149,8;45;Manual
59925;5;35000;149,8;40;Manual
59925;4;39000;149,8;35;Automatic
59970;5;48422;149,7;52;Manual
59970;10;38985;149,8;52;Manual
59970;8;62591;149,8;52;Manual
59970;7;92000;149,8;52;Manual
59970;7;81323;149,8;52;Manual
59970;5;28000;149,8;52;Manual
59970;6;74797;149,8;52;Manual
59985;9;28000;99,9;52;Manual
59985;7;53580;119,9;40;Manual
59985;7;39000;119,9;40;Manual
59985;7;23798;119,9;40;Manual
59985;6;45326;119,9;40;Manual
59985;6;27963;119,9;40;Manual
59985;6;42000;119,9;40;Manual
59985;5;17000;119,9;40;Manual
59985;11;72000;149,8;52;Manual
59985;11;54000;149,8;52;Manual
59985;10;115000;149,8;52;Manual
59985;11;75000;149,8;52;Manual
59985;8;80000;149,8;52;Manual
59985;9;43000;149,8;52;Manual
59985;7;75000;149,8;52;Manual
59985;7;82000;149,8;52;Manual
59985;7;75650;149,8;40;Manual
59985;6;41000;149,8;40;Manual
59985;10;50000;149,9;52;Manual
59985;8;69001;149,9;52;Manual
59985;11;47000;149,9;52;Manual
59985;5;14095;149,9;52;Manual
60000;12;69000;159,8;45;Manual
61230;14;34105;179,6;70;Automatic
61455;11;50300;199,5;47;Automatic
61455;10;81000;199,5;47;Automatic
61605;9;39234;252,3;60;Manual
62175;15;88000;139,9;43;Manual
62400;14;82202;124,8;43;Manual
62400;15;140000;124,8;43;Manual
62400;14;72000;129,8;43;Manual
62400;15;114000;129,8;43;Manual
62400;15;77000;129,8;43;Manual
62400;14;33000;129,8;43;Manual
62970;10;39394;198,4;60;Automatic
63315;3;31000;99,9;50;Automatic
63375;2;1300;99,9;50;Manual
63375;3;7900;99,9;50;Automatic
63735;10;32000;119,9;42;Manual
63750;9;41273;149,5;45;Manual
63975;12;78000;124,8;45;Manual
63975;11;77000;124,8;45;Manual
63975;9;72000;124,8;45;Manual
63975;10;53213;124,8;45;Manual
63975;11;72000;124,8;45;Manual
63975;9;45000;124,8;45;Manual
63975;9;112000;124,8;45;Manual
63975;11;90000;136,4;45;Manual
63975;11;75000;136,4;45;Manual
63975;10;82000;136,4;45;Manual
63975;10;53693;137,3;60;Manual
63975;8;49148;137,3;45;Automatic
63975;13;66000;149,6;45;Manual
63975;13;49200;149,6;45;Manual
63975;13;101347;149,6;45;Manual
64050;6;68000;139,6;60;Manual
64050;7;62000;139,6;60;Manual
64050;6;63000;139,6;60;Manual
64050;5;23000;139,6;60;Manual
64050;5;68000;139,6;60;Manual
64050;5;37000;139,6;55;Manual
64050;9;82000;158,2;60;Manual
64050;9;90000;158,2;60;Manual
64050;8;72000;158,2;60;Manual
64050;7;70000;158,2;60;Manual
64050;9;64000;158,2;60;Manual
64050;8;62125;158,2;60;Manual
64050;8;88000;158,2;60;Automatic
64050;9;138314;158,2;60;Manual
64050;8;66000;158,2;60;Automatic
64050;8;73000;158,2;60;Automatic
64050;6;68000;158,2;55;Manual
64050;9;68566;158,2;60;Automatic
64050;6;36000;158,2;60;Manual
64050;8;78000;158,2;60;Manual
64050;7;97000;158,2;60;Automatic
64050;6;65954;158,2;55;Manual
64050;6;60000;158,2;55;Manual
64050;7;66602;158,2;60;Automatic
64050;6;76000;158,2;60;Automatic
64050;5;27657;158,2;55;Automatic
64050;5;47000;158,2;55;Manual
64050;5;58900;158,2;55;Manual
64050;5;39000;158,2;55;Manual
64050;7;70000;158,2;60;Automatic
64050;6;72870;158,2;55;Automatic
64050;3;14000;158,2;60;Manual
64050;3;17000;158,2;60;Manual
64050;8;60125;159,1;60;Manual
64050;8;57983;159,1;60;Manual
64050;7;50000;159,1;60;Manual
64050;8;57983;159,1;60;Manual
64050;7;49000;159,1;60;Manual
64050;8;47000;159,1;60;Manual
64050;7;29401;159,1;60;Manual
64050;8;37079;159,1;60;Automatic
64050;6;42000;159,1;60;Automatic
64050;6;34841;159,1;55;Manual
64050;7;50050;159,1;60;Automatic
64050;5;45000;159,1;55;Automatic
64050;7;39000;159,1;60;Automatic
64050;6;37000;159,1;55;Manual
64050;5;36313;159,1;60;Manual
64050;6;33500;159,1;60;Automatic
64050;6;36000;159,1;55;Automatic
64050;5;44000;159,1;55;Manual
64050;6;30000;159,1;55;Automatic
64050;6;50000;159,1;60;Automatic
64050;5;29096;159,1;55;Automatic
64050;5;13000;159,1;60;Automatic
64050;5;9576;159,1;55;Automatic
64365;11;74000;149,8;43;Manual
64380;10;80000;159,5;50;Automatic
64440;8;64906;124,8;45;Manual
64440;7;42000;124,8;45;Manual
64440;7;88000;124,8;45;Manual
64440;7;68000;124,8;45;Manual
64440;5;72000;124,8;45;Manual
64440;8;67000;124,8;45;Manual
64440;8;39000;124,8;45;Manual
64440;8;53000;137,3;45;Manual
64440;7;71000;137,3;45;Manual
64440;7;9000;137,3;45;Manual
64440;7;76642;137,3;45;Manual
64440;5;42000;137,3;45;Manual
64440;3;38000;137,3;45;Manual
64485;3;12000;199,8;47;Automatic
64485;8;37600;214,3;50;Automatic
64500;7;125372;124,8;48;Manual
64500;7;52245;124,8;48;Manual
64500;4;55055;124,8;48;Manual
64500;2;23000;135,3;50;Automatic
64500;3;45000;135,3;50;Automatic
64500;2;18000;135,3;50;Automatic
64500;4;18000;135,3;50;Automatic
64500;2;1300;135,3;50;Automatic
64500;4;19700;149,3;50;Manual
64500;2;27800;149,3;50;Manual
64500;4;7000;149,3;50;Manual
64500;2;9000;149,3;50;Manual
64500;4;35000;149,3;50;Manual
64500;2;5800;149,3;50;Automatic
64500;2;2670;149,7;50;Automatic
64500;2;9355;149,7;50;Automatic
64500;8;77000;159,8;48;Manual
64500;8;85000;159,8;48;Manual
64500;7;63000;159,8;48;Manual
64500;6;72000;159,8;48;Manual
64500;7;114000;159,8;48;Manual
64500;7;52836;159,8;48;Manual
64500;5;31056;159,8;48;Manual
64725;5;57600;135,3;50;Automatic
64725;5;17000;135,3;50;Manual
64725;3;16000;135,3;50;Automatic
64725;4;7000;135,3;50;Automatic
64725;3;7000;135,3;50;Automatic
64725;11;99000;146,1;50;Manual
64725;10;70000;146,1;50;Manual
64725;10;72000;146,1;50;Manual
64725;9;75000;146,1;50;Manual
64725;9;98000;146,1;50;Manual
64725;10;48000;146,1;50;Manual
64725;7;81000;146,1;50;Manual
64725;8;35000;146,1;50;Automatic
64725;8;65000;146,1;50;Manual
64725;7;67000;146,1;50;Automatic
64725;6;24000;146,1;50;Manual
64725;3;30000;149,3;50;Automatic
64725;4;27000;149,3;50;Manual
64725;5;79000;149,3;50;Manual
64725;5;55000;149,3;50;Manual
64725;4;63000;149,3;50;Automatic
64725;3;12000;149,3;50;Manual
64725;4;33828;149,3;50;Automatic
64725;3;21000;149,3;50;Automatic
64725;4;42000;149,7;50;Manual
64725;3;11000;149,7;50;Manual
64725;2;9500;149,7;50;Manual
64725;3;14000;149,7;50;Manual
64725;7;48000;149,8;50;Manual
64725;7;60444;149,8;50;Manual
64770;4;10700;198,4;55;Automatic
64770;2;4600;198,4;55;Automatic
64800;12;85000;149,8;40;Manual
64845;2;600;149,8;48;Manual
64845;3;1942;149,8;48;Automatic
64965;11;72000;146,1;50;Manual
64965;10;74000;146,1;50;Manual
64965;10;75000;146,1;50;Manual
64965;10;85000;146,1;50;Manual
64965;10;65000;146,1;50;Manual
64965;9;85000;146,1;50;Manual
64965;10;55000;146,1;50;Manual
64965;8;99000;146,1;50;Manual
64965;8;76584;146,1;50;Manual
65325;12;95000;217,9;57;Automatic
65325;11;110000;217,9;57;Automatic
65385;10;39000;159,5;50;Automatic
65385;11;52000;159,5;50;Automatic
65400;4;23500;149,8;50;Manual
65400;6;45000;199,9;57;Automatic
65400;7;50000;199,9;57;Automatic
65400;7;25500;199,9;57;Automatic
65400;3;12000;199,9;57;Automatic
65550;13;135000;158,2;43;Manual
65550;11;71000;158,2;43;Manual
65550;10;62000;158,2;43;Manual
65550;12;70000;158,2;43;Manual
65550;11;78000;158,2;43;Manual
65550;11;66000;158,2;43;Manual
65550;11;107000;158,2;43;Manual
65550;10;64000;158,2;43;Manual
65550;10;86000;158,2;43;Manual
65550;10;74000;158,2;43;Manual
65550;10;68000;158,2;43;Manual
65550;10;65123;158,2;43;Manual
65550;12;53000;159,1;43;Manual
65550;13;73000;159,1;43;Manual
65550;10;62000;159,1;43;Manual
65550;10;72900;159,1;43;Automatic
65550;10;56000;159,1;43;Manual
65550;11;36623;159,1;43;Manual
65550;9;58200;159,1;43;Automatic
65550;9;58200;159,1;43;Automatic
65550;7;67000;159,1;43;Manual
65550;5;50000;159,1;43;Automatic
65550;5;38000;159,1;43;Automatic
65550;3;9900;159,1;43;Automatic
65550;9;50965;198,4;60;Automatic
65550;11;71141;198,4;60;Automatic
65550;9;44000;198,4;60;Automatic
65550;9;50000;198,4;60;Automatic
65550;7;14000;198,4;60;Automatic
65550;8;6000;198,4;60;Automatic
65550;7;68000;198,4;60;Automatic
65550;6;42000;198,4;60;Automatic
65565;3;35000;199,9;66,5;Automatic
65625;9;49000;158,2;43;Manual
65625;8;42000;158,2;43;Manual
65625;6;79800;158,2;43;Manual
65625;6;71000;158,2;43;Manual
65625;7;57000;158,2;43;Manual
65625;6;87001;158,2;43;Manual
65625;5;26000;158,2;43;Manual
65625;5;40000;158,2;43;Manual
65625;6;97000;158,2;43;Manual
65625;9;42000;159,1;43;Manual
65625;8;45000;159,1;43;Manual
65625;6;16339;159,1;43;Manual
65625;8;20000;159,1;43;Automatic
65625;5;20000;159,1;43;Manual
65685;7;7000;198,8;54;Automatic
65685;6;20000;198,8;54;Automatic
65760;7;51000;119,7;55;Automatic
65760;9;60240;119,7;55;Automatic
65760;9;85000;149,8;55;Automatic
65760;11;78000;159,8;55;Manual
65760;11;58000;159,8;55;Manual
65760;10;88000;159,8;55;Automatic
65760;9;98112;159,8;55;Manual
65760;10;79081;159,8;55;Manual
65760;11;110000;159,8;55;Manual
65775;10;51000;196,8;64;Automatic
65775;9;47706;196,8;64;Automatic
65775;12;72000;196,8;64;Automatic
65775;12;69500;196,8;64;Automatic
65775;11;117000;196,8;64;Automatic
65775;10;71796;196,8;64;Automatic
65775;9;79000;196,8;64;Automatic
65775;8;139000;196,8;64;Automatic
65775;8;80251;196,8;64;Automatic
65775;9;60000;196,8;64;Automatic
65775;9;80000;196,8;64;Automatic
65775;8;84700;196,8;64;Automatic
65775;7;110000;196,8;64;Automatic
65775;11;44087;196,8;64;Automatic
65775;9;71700;196,8;64;Automatic
65775;8;40000;196,8;64;Automatic
65775;8;84878;196,8;64;Automatic
65775;7;85000;196,8;64;Automatic
65775;7;42000;196,8;64;Automatic
65775;8;95401;196,8;64;Automatic
65775;7;61643;196,8;64;Automatic
65775;6;38000;196,8;64;Automatic
65775;7;36000;196,8;64;Automatic
65775;6;35000;196,8;64;Automatic
65775;7;64000;196,8;64;Automatic
65775;5;41000;196,8;64;Automatic
65790;9;72000;149,8;42;Manual
65790;10;88000;149,8;55;Automatic
65790;10;42000;149,8;55;Automatic
65790;9;48000;149,8;42;Manual
65790;12;130000;159,8;55;Manual
65790;10;24000;159,8;55;Automatic
65790;11;57000;159,8;55;Automatic
65790;12;86288;159,8;55;Manual
65790;8;83000;159,8;55;Manual
65790;8;124000;159,8;55;Manual
65790;8;117048;159,8;55;Manual
65790;6;47000;159,8;55;Manual
65790;5;32809;159,8;55;Manual
65850;3;37230;99,9;55;Manual
65850;7;60500;119,7;55;Automatic
65850;6;62000;119,7;55;Automatic
65850;16;70000;149,7;42;Automatic
65850;6;38000;159,8;55;Manual
65850;3;35000;159,8;55;Manual
65925;6;44153;124,8;45;Manual
65925;7;60200;136,8;60;Automatic
65925;7;70000;136,8;60;Automatic
65925;6;28000;136,8;60;Automatic
65925;3;25700;136,8;60;Manual
65925;5;57000;136,8;60;Automatic
65925;5;21894;146,2;45;Automatic
65925;3;23000;146,2;45;Manual
65925;7;71800;195,6;60;Manual
65925;7;86000;195,6;60;Manual
65925;7;57000;195,6;60;Manual
65925;6;90000;195,6;60;Manual
65925;6;90000;195,6;60;Manual
65925;4;41736;195,6;60;Automatic
65925;4;11293;195,6;60;Automatic
66075;2;2000;136,8;60;Automatic
66075;3;17000;136,8;60;Automatic
66075;3;38000;195,6;60;Automatic
66195;4;46807;99,9;55;Automatic
66195;12;93000;136,8;44;Manual
66195;6;38000;159,8;55;Manual
66195;6;55000;159,8;55;Automatic
66195;6;20690;159,8;55;Automatic
66255;9;45000;199,1;50;Automatic
66255;9;75000;214,3;50;Automatic
66255;9;99000;214,3;50;Automatic
66255;9;45000;214,3;50;Automatic
66255;8;55000;214,3;50;Automatic
66255;8;79000;214,3;50;Automatic
66255;7;25000;214,3;50;Automatic
66300;14;95000;149,7;42;Automatic
66300;13;55000;149,7;42;Manual
66300;15;72256;149,7;42;Manual
66300;15;110000;149,7;42;Automatic
66300;14;73000;149,7;42;Manual
66300;15;85000;149,7;42;Manual
66300;15;80000;149,7;42;Manual
66300;15;70200;149,7;42;Automatic
66300;14;78000;149,7;42;Manual
66300;14;56000;149,7;42;Automatic
66300;13;89000;149,7;42;Automatic
66300;14;58424;149,7;42;Manual
66300;13;78000;149,7;42;Manual
66300;13;69000;149,7;42;Automatic
66315;13;192326;217,9;65;Manual
66315;13;98000;217,9;65;Manual
66360;9;43200;199,1;50;Automatic
66360;5;24000;199,1;50;Automatic
66360;8;58000;214,3;50;Automatic
66360;8;61109;214,3;50;Automatic
66360;6;61000;214,3;50;Automatic
66360;6;90000;214,3;50;Automatic
66360;6;43000;214,3;50;Automatic
66360;5;56500;214,3;50;Automatic
66375;11;51000;146,1;41;Manual
66375;11;92000;146,1;41;Manual
66375;11;35000;146,1;41;Manual
66375;6;23148;149,6;42;Automatic
66375;5;40900;149,6;42;Automatic
66375;12;57000;149,8;41;Manual
66375;6;52000;196,9;54;Automatic
66375;4;16519;196,9;54;Automatic
66450;15;90000;217,9;60;Manual
66450;10;78000;217,9;60;Manual
66450;11;117000;217,9;60;Manual
66450;13;95000;217,9;60;Manual
66450;13;117000;217,9;60;Manual
66450;10;83000;217,9;60;Manual
66450;11;170000;217,9;60;Manual
66450;11;47000;217,9;60;Manual
66450;10;78000;217,9;60;Manual
66585;7;22120;199,5;51;Automatic
66585;7;41000;199,5;51;Automatic
66585;7;75000;199,5;51;Automatic
66585;6;25000;199,5;51;Automatic
66600;12;80350;149,7;42;Manual
66600;11;86000;149,7;42;Manual
66600;11;76000;149,7;42;Manual
66600;12;111000;149,7;42;Manual
66600;10;48409;149,7;40;Manual
66600;11;61000;149,7;42;Manual
66600;12;40000;149,7;42;Automatic
66600;9;49000;149,7;40;Manual
66600;12;65001;149,7;42;Automatic
66600;12;96506;149,7;42;Manual
66600;11;65000;149,7;42;Manual
66600;9;44000;149,7;40;Manual
66600;9;75258;149,7;40;Automatic
66600;9;116592;149,7;40;Automatic
66600;9;72000;149,7;40;Manual
66600;10;75574;149,7;40;Manual
66600;7;64000;149,7;40;Manual
66600;8;87693;149,7;40;Manual
66600;8;68500;149,7;40;Manual
66600;10;37000;149,7;40;Manual
66600;9;59000;149,7;40;Automatic
66600;7;51292;149,7;40;Manual
66600;8;51834;149,7;40;Manual
66600;8;38000;149,7;40;Manual
66600;7;38000;149,7;40;Automatic
66600;6;39000;149,7;40;Manual
66600;8;42000;149,7;40;Automatic
66600;8;63088;149,7;40;Manual
66600;8;45000;149,7;40;Automatic
66600;6;42855;149,7;40;Manual
66600;5;34000;149,7;40;Manual
66600;7;47255;149,7;40;Manual
66600;6;52890;149,7;40;Manual
66600;7;49013;149,7;40;Automatic
66600;6;28000;149,7;40;Manual
66600;5;36000;149,7;40;Manual
66600;6;50000;149,7;40;Manual
66600;5;58618;149,7;40;Manual
66600;6;37100;149,7;40;Manual
66600;5;22000;149,7;40;Manual
66600;5;56881;149,7;40;Manual
66600;5;18000;149,7;40;Automatic
66600;7;29386;149,7;40;Automatic
66600;5;12382;149,7;40;Manual
66600;2;2700;149,7;40;Manual
66600;6;6000;149,7;40;Automatic
66600;4;26497;149,7;40;Manual
66600;3;10000;149,7;40;Manual
66600;3;11000;149,7;40;Automatic
66600;3;13000;149,7;40;Automatic
66600;7;132683;149,8;40;Manual
66600;10;75000;149,8;40;Manual
66600;10;140000;149,8;40;Manual
66600;9;114635;149,8;40;Manual
66600;9;76000;149,8;40;Manual
66600;10;85000;149,8;40;Manual
66600;9;61000;149,8;40;Manual
66600;8;70000;149,8;40;Manual
66600;8;72200;149,8;40;Manual
66600;9;64000;149,8;40;Manual
66600;8;38000;149,8;40;Manual
66600;6;75000;149,8;40;Manual
66600;3;11000;149,8;40;Manual
66600;11;87000;158,2;45;Manual
66600;6;73000;158,2;45;Manual
66600;7;31000;158,2;45;Manual
66600;6;45915;158,2;45;Automatic
66600;7;80000;158,2;45;Automatic
66600;6;53300;159,1;45;Automatic
66600;5;26894;159,1;45;Automatic
66675;5;41792;146,2;45;Manual
66675;5;27900;146,2;45;Manual
66675;4;47248;146,2;45;Automatic
66675;2;16000;146,2;45;Manual
66675;3;7239;146,2;45;Manual
66675;3;13400;146,2;45;Manual
66705;3;12500;199,8;51;Automatic
66705;2;13120;199,8;51;Automatic
66795;6;54000;149,7;42;Automatic
66810;8;77000;199,5;63;Automatic
66810;6;50000;199,5;63;Automatic
66810;6;53000;199,5;63;Automatic
66810;7;29000;199,5;63;Automatic
66810;5;25000;199,5;63;Automatic
66810;6;34000;199,5;63;Automatic
66810;5;59000;199,5;63;Automatic
66810;6;49000;199,5;63;Automatic
66810;4;32005;199,5;61;Automatic
66810;5;11000;199,5;63;Automatic
66810;4;37180;199,5;63;Automatic
66810;5;32963;199,5;63;Automatic
66810;5;29221;199,5;63;Automatic
66810;3;8000;199,5;63;Automatic
66810;3;7100;199,5;63;Automatic
66810;2;17000;199,5;63;Automatic
66840;6;15600;139,5;50;Automatic
66840;6;77590;139,5;50;Automatic
66840;7;48000;179,8;50;Automatic
66840;6;43290;179,8;50;Automatic
66840;9;60000;196,8;50;Automatic
66840;10;85900;196,8;50;Automatic
66840;8;32000;196,8;50;Automatic
66840;10;55000;196,8;50;Automatic
66840;10;76529;196,8;50;Automatic
66840;8;40500;196,8;50;Automatic
66840;8;40500;196,8;50;Automatic
66840;5;36000;196,8;50;Automatic
66840;4;36978;196,8;50;Automatic
66840;7;64000;196,8;50;Automatic
66840;5;15529;196,8;50;Automatic
66840;5;15530;196,8;50;Automatic
66840;4;11000;196,8;50;Automatic
66840;6;17300;196,8;50;Automatic
66840;4;40910;196,8;50;Automatic
66840;7;55000;199,7;60;Manual
66840;7;19000;199,7;60;Manual
66840;10;125000;217,9;60;Manual
66840;9;67000;217,9;60;Manual
66840;9;87000;217,9;60;Manual
66840;10;100000;217,9;60;Manual
66840;8;150000;217,9;60;Manual
66840;7;68000;217,9;60;Manual
66840;10;99000;217,9;60;Manual
66840;6;32000;217,9;60;Manual
66840;6;59000;217,9;60;Manual
66840;4;35000;217,9;60;Manual
66840;5;46000;217,9;60;Manual
66840;6;120000;217,9;60;Manual
66840;5;61805;217,9;60;Manual
66840;6;56500;217,9;60;Manual
66840;5;69000;217,9;60;Manual
66840;4;78000;217,9;60;Manual
66840;6;68000;217,9;60;Manual
66840;2;12000;217,9;60;Manual
66840;9;104000;252,3;60;Manual
66840;9;86000;252,3;60;Manual
66840;6;41000;252,3;60;Manual
66840;8;42000;252,3;60;Manual
66840;5;38000;252,3;60;Manual
66975;9;50623;217,9;57;Automatic
66975;8;29000;217,9;57;Automatic
67050;17;92000;199,5;66;Automatic
67125;8;128000;199,5;62;Automatic
67125;5;31000;199,5;62;Automatic
67125;5;44876;199,5;62;Automatic
67125;7;86000;199,9;62;Automatic
67125;6;46000;199,9;62;Automatic
67290;6;73000;196,8;71;Automatic
67290;4;17904;196,8;71;Automatic
67350;11;84000;124,8;50;Manual
67350;9;65000;124,8;43;Manual
67350;7;86000;124,8;43;Manual
67350;8;51330;124,8;43;Manual
67350;9;61000;124,8;43;Manual
67350;8;92000;124,8;43;Manual
67350;7;86000;124,8;43;Manual
67350;7;92000;124,8;43;Manual
67350;8;82445;124,8;43;Manual
67350;8;57000;124,8;43;Manual
67350;3;5000;124,8;43;Manual
67350;9;45969;137,3;43;Manual
67350;9;38000;137,3;43;Manual
67350;7;64000;137,3;43;Manual
67350;9;60798;137,3;43;Manual
67350;9;48000;137,3;43;Manual
67350;6;31000;137,3;43;Manual
67350;9;39000;137,3;43;Manual
67350;8;50800;137,3;43;Manual
67350;7;73315;137,3;43;Manual
67350;6;46000;137,3;43;Manual
67350;7;55000;137,3;43;Automatic
67350;7;31000;137,3;43;Automatic
67350;7;57000;137,3;43;Manual
67350;7;20000;137,3;43;Automatic
67350;7;82300;137,3;43;Manual
67350;6;13066;137,3;43;Manual
67350;5;6200;146,2;43;Manual
67350;6;90000;146,2;43;Automatic
67350;5;44000;146,2;43;Manual
67350;5;32000;146,2;43;Automatic
67350;5;34000;146,2;43;Manual
67350;5;30672;146,2;43;Automatic
67350;5;76000;149,8;43;Manual
67350;14;64000;158,6;50;Manual
67350;12;118000;158,6;50;Manual
67425;17;92170;260,9;60;Manual
67500;3;26000;149,3;50;Manual
67500;3;20000;149,3;50;Manual
67500;2;8000;149,3;50;Automatic
67500;3;24000;199,9;50;Automatic
67800;12;85000;248,9;55;Manual
67800;12;70000;248,9;55;Manual
67890;4;12136;199,5;50;Automatic
67890;4;11000;199,5;50;Automatic
67950;10;80000;158,2;56;Automatic
67950;11;63000;179,7;56;Automatic
67950;11;17000;179,7;56;Manual
67950;10;64000;179,7;56;Manual
68100;13;109000;179,4;55;Manual
68100;13;77000;179,4;55;Manual
68100;15;68195;179,4;55;Manual
68100;13;95000;179,4;55;Automatic
68100;12;28732;179,8;55;Manual
68100;10;104814;179,8;55;Manual
68100;10;63000;179,8;55;Automatic
68175;18;130000;179,9;50;Manual
68175;14;83359;179,9;50;Manual
68175;9;50000;199,7;58;Automatic
68235;3;9000;133,2;43;Automatic
68235;3;6000;133,2;43;Automatic
68235;2;32000;149,8;40;Automatic
68235;2;2500;149,8;40;Manual
68235;2;2000;149,8;40;Automatic
68235;2;8530;149,8;40;Automatic
68235;2;3826;195;43;Automatic
68235;3;5600;195;43;Automatic
68325;14;261236;199,8;55;Manual
68325;11;82000;199,8;55;Manual
68325;16;90000;249,4;55;Manual
68325;11;76000;249,4;55;Manual
68325;12;143477;249,4;55;Manual
68325;12;222000;249,4;55;Manual
68400;13;54000;136,8;45;Manual
68550;5;22000;199,9;50;Automatic
68715;16;95200;214,8;66;Automatic
68775;5;17000;149,7;45;Manual
68775;3;36700;149,7;45;Manual
68775;9;157662;199,7;70;Manual
68775;7;112000;199,7;70;Manual
68775;8;110000;199,7;70;Automatic
68775;12;102000;217,9;70;Manual
68775;11;135000;217,9;70;Manual
68775;12;143000;217,9;70;Manual
68775;9;121000;217,9;70;Manual
68775;11;83555;217,9;70;Manual
68775;9;25000;217,9;70;Manual
68775;12;47531;217,9;70;Manual
68775;8;90300;217,9;70;Manual
68775;8;114000;217,9;70;Manual
68775;7;93000;217,9;70;Manual
68775;8;86000;217,9;70;Manual
68775;7;78000;217,9;70;Manual
68775;8;105000;217,9;70;Automatic
68775;8;33000;217,9;70;Manual
68775;9;138000;217,9;70;Manual
68775;7;144933;217,9;70;Manual
68775;6;50000;217,9;70;Manual
68775;6;57000;217,9;70;Manual
68775;6;58590;217,9;70;Manual
68775;7;41470;217,9;70;Automatic
68775;6;47000;217,9;70;Manual
68775;8;75811;217,9;70;Manual
68775;6;50000;217,9;70;Manual
68775;5;75000;217,9;70;Manual
68775;6;54154;217,9;70;Automatic
68775;6;43000;217,9;70;Automatic
68775;4;45350;217,9;70;Automatic
68775;10;126000;249,4;55;Manual
68775;9;43634;249,4;55;Manual
68775;9;125000;249,4;55;Manual
68775;8;65321;249,4;55;Manual
68775;9;98000;249,4;55;Manual
68775;10;158690;249,4;55;Manual
68775;10;85000;249,4;55;Manual
68940;12;64800;179,6;66;Automatic
68940;13;97000;214,3;66;Automatic
68940;11;102000;214,3;66;Automatic
68940;13;51500;214,3;66;Automatic
68940;12;78000;214,3;66;Automatic
68940;10;45000;214,3;66;Automatic
68940;11;58000;214,3;66;Automatic
68940;2;12500;214,8;66;Automatic
68940;2;4600;214,8;66;Automatic
68955;13;75000;199,1;60;Manual
68955;13;80000;199,1;60;Manual
68955;10;73265;199,8;60;Automatic
68970;5;20856;195,6;50;Manual
68970;5;68758;195,6;50;Manual
68970;4;14400;195,6;50;Manual
68970;3;15000;195,6;50;Manual
68970;4;8000;195,6;50;Automatic
68970;3;23000;195,6;50;Manual
68970;4;10290;195,6;50;Manual
68970;3;30229;195,6;50;Automatic
68970;2;38000;195,6;50;Automatic
69000;3;14500;199,7;70;Automatic
69000;8;55000;199,9;65;Automatic
69000;8;78000;199,9;65;Automatic
69000;8;20000;199,9;65;Automatic
69000;6;38000;199,9;65;Automatic
69000;5;24444;199,9;65;Automatic
69000;4;54200;199,9;70;Automatic
69000;4;6000;199,9;70;Automatic
69000;6;36000;217,9;65;Automatic
69000;6;57300;217,9;65;Automatic
69000;5;50000;217,9;65;Automatic
69000;4;32368;217,9;65;Automatic
69270;11;62000;146,1;67;Manual
69300;10;85000;136,4;50;Manual
69300;9;39780;179,8;55;Automatic
69300;8;70000;179,8;55;Manual
69300;8;45000;179,8;55;Automatic
69300;6;65100;179,8;55;Automatic
69300;6;38000;179,8;55;Automatic
69300;6;25914;179,8;55;Automatic
69300;5;39000;179,8;55;Automatic
69300;7;24000;199,9;50;Automatic
69360;10;35000;199,5;60;Automatic
69360;11;70000;199,5;60;Automatic
69360;9;78362;199,5;60;Automatic
69420;15;63300;296,7;75;Automatic
69435;12;40000;196,8;75;Automatic
69435;10;78000;196,8;75;Automatic
69435;9;152000;196,8;75;Automatic
69435;8;57000;196,8;75;Automatic
69450;7;39328;214,3;56;Automatic
69450;6;20000;214,3;56;Automatic
69450;5;17000;214,3;56;Automatic
69450;18;119300;235,4;58;Automatic
69495;11;102000;199,5;57;Automatic
69495;11;65000;199,5;57;Automatic
69495;11;104264;199,5;57;Automatic
69495;8;46000;199,5;57;Automatic
69495;9;82000;199,5;57;Automatic
69495;5;15500;199,5;57;Automatic
69495;6;68189;199,5;57;Automatic
69495;6;75000;199,5;57;Automatic
69495;5;29000;199,5;57;Automatic
69495;4;23000;199,5;57;Automatic
69495;7;15900;199,8;57;Automatic
69495;5;6000;199,8;57;Automatic
69495;4;14000;199,8;57;Automatic
69495;2;6000;199,8;57;Automatic
69495;4;19000;199,8;57;Automatic
69525;12;89311;198,4;67,5;Automatic
69600;6;54500;249,4;56;Automatic
69660;8;79000;240;70;Automatic
69720;12;65000;199,5;67;Automatic
69720;12;74073;199,5;67;Automatic
69720;10;82000;199,5;67;Automatic
69825;5;7000;145,1;60;Automatic
69825;4;27000;145,1;60;Automatic
69825;3;33000;145,1;60;Automatic
69825;3;17000;145,1;60;Automatic
69825;5;46301;195,6;60;Manual
69825;4;12400;195,6;60;Manual
69825;5;23952;195,6;60;Manual
69825;4;65433;195,6;60;Manual
69825;3;18500;195,6;60;Manual
69825;11;97000;217,9;55;Manual
69825;11;96000;217,9;55;Manual
69825;11;72000;217,9;55;Manual
69825;9;155000;217,9;55;Manual
69825;3;32000;217,9;63;Manual
69840;6;50000;214,3;66;Automatic
69840;7;72000;214,3;66;Automatic
69840;7;45600;214,3;66;Automatic
69840;7;77000;214,3;66;Automatic
69840;6;45000;214,3;66;Automatic
69855;6;9512;199,5;67;Automatic
69855;6;87000;199,5;67;Automatic
69855;7;63651;199,5;67;Automatic
69855;6;70000;199,5;67;Automatic
69855;5;15087;199,5;67;Automatic
69855;3;18000;199,5;67;Automatic
69855;3;39000;199,5;67;Automatic
69855;2;33000;199,5;67;Automatic
69870;5;10000;195;66;Automatic
69870;2;5500;195;66;Automatic
69870;4;13000;195;66;Automatic
69870;2;7000;195;66;Automatic
69870;4;14500;195;66;Automatic
69870;3;19000;195;66;Automatic
69870;2;5500;195;66;Automatic
69870;3;16785;199,1;66;Automatic
69870;2;2000;199,1;66;Automatic
69885;9;94580;179,8;50;Automatic
69885;7;28600;179,8;50;Automatic
69885;9;47981;196,8;50;Automatic
69900;12;74000;199,1;65;Automatic
69900;11;83466;219,9;70;Automatic
69915;3;28000;195,6;50;Manual
69915;3;13594;195,6;50;Automatic
69945;4;18000;196,8;70;Automatic
70050;8;55000;179,8;50;Automatic
70050;7;56000;179,8;50;Automatic
70050;7;56000;179,8;50;Automatic
70050;7;28000;179,8;50;Automatic
70050;6;67546;179,8;50;Automatic
70050;4;94182;196,8;50;Automatic
70290;2;5000;149,7;66;Automatic
70290;6;68000;195;66;Automatic
70290;5;55000;195;66;Automatic
70290;5;33000;195;66;Automatic
70290;5;33000;195;66;Automatic
70290;5;8000;195;66;Automatic
70290;6;24000;195;66;Automatic
70290;5;31000;195;66;Automatic
70290;4;28079;195;66;Automatic
70290;2;500;195;66;Automatic
70290;9;31000;199,1;66;Automatic
70290;9;60921;199,1;66;Automatic
70290;8;28000;199,1;66;Automatic
70290;3;12400;199,1;66;Automatic
70290;3;2610;199,1;66;Automatic
70290;7;56000;199,1;59;Automatic
70290;4;21000;199,1;59;Automatic
70290;10;80000;214,3;66;Automatic
70290;7;70000;214,3;66;Automatic
70290;8;48000;214,3;66;Automatic
70290;8;7000;214,3;66;Automatic
70290;8;21200;214,3;66;Automatic
70320;5;3500;196,9;71;Automatic
70335;5;30600;198,4;50;Automatic
70350;9;75000;219,9;64;Automatic
70350;10;99000;219,9;64;Automatic
70350;10;87938;219,9;64;Automatic
70395;4;19000;299,6;66;Automatic
70425;2;18000;218,4;60;Automatic
70425;2;31000;218,4;60;Automatic
70425;11;95000;247,7;70;Manual
70425;8;82000;247,7;70;Automatic
70425;6;122000;247,7;70;Automatic
70425;13;117000;298,2;80;Manual
70425;14;114000;298,2;80;Manual
70425;14;127000;298,2;80;Manual
70440;5;27000;198,4;65;Automatic
70440;2;9000;198,4;65;Automatic
70440;4;38000;299,5;65;Automatic
70515;14;67000;179,8;63;Automatic
70515;4;28600;179,8;63;Automatic
70515;3;17000;179,8;63;Automatic
70515;13;75000;196,8;63;Automatic
70515;11;50000;196,8;63;Automatic
70515;13;62000;196,8;63;Automatic
70515;10;100000;196,8;63;Automatic
70515;9;49000;196,8;63;Automatic
70515;10;15000;196,8;63;Automatic
70515;11;66000;196,8;63;Automatic
70515;8;57057;196,8;63;Automatic
70515;3;25000;198,4;60;Automatic
70530;3;13000;299,6;66;Automatic
70575;11;125000;298,2;80;Automatic
70575;12;12749;298,2;80;Manual
70575;12;97000;298,2;80;Manual
70575;12;121000;298,2;80;Manual
70575;11;83000;298,2;80;Manual
70575;11;97000;298,2;80;Manual
70575;12;98352;298,2;80;Manual
70575;10;143000;298,2;80;Automatic
70575;11;170669;298,2;80;Automatic
70575;9;64120;298,2;80;Manual
70575;10;85000;298,2;80;Automatic
70575;10;72000;298,2;80;Automatic
70575;9;145000;298,2;80;Automatic
70575;10;211000;298,2;80;Manual
70575;9;72000;298,2;80;Automatic
70575;11;95000;298,2;80;Manual
70575;10;101000;298,2;80;Automatic
70575;9;86000;298,2;80;Automatic
70575;10;123000;298,2;80;Manual
70620;2;18223;199,8;60;Automatic
70635;3;24000;199,5;59;Automatic
70800;3;10000;145,1;60;Automatic
70800;3;19000;145,1;60;Automatic
70800;4;28584;145,1;60;Automatic
70890;7;42000;139,5;54;Automatic
70890;6;18000;139,5;54;Automatic
70890;4;17000;139,5;54;Automatic
70890;7;59267;196,8;54;Automatic
70890;7;72400;196,8;54;Automatic
70890;5;48000;196,8;54;Automatic
70965;6;90868;199,9;82;Automatic
70965;6;40545;199,9;82;Automatic
70965;5;43000;199,9;82;Automatic
71025;7;75000;239,3;55;Manual
71025;6;95315;239,3;55;Manual
71025;8;145000;239,3;55;Manual
71025;8;82567;239,3;55;Manual
71025;5;71000;239,3;55;Manual
71025;4;45000;239,3;55;Manual
71025;6;69000;239,3;55;Manual
71025;6;55000;239,3;55;Manual
71025;6;35123;239,3;55;Manual
71025;5;71063;239,3;55;Manual
71025;7;112000;239,3;55;Manual
71025;7;29000;239,3;55;Manual
71025;7;30000;239,3;55;Manual
71025;4;24549;239,3;55;Manual
71025;5;28000;239,3;55;Manual
71025;2;11000;239,3;55;Automatic
71025;4;18625;239,3;55;Automatic
71025;3;34228;239,3;55;Manual
71025;2;16000;239,3;55;Automatic
71025;3;38000;239,3;55;Automatic
71025;3;29000;239,3;55;Manual
71025;7;49000;269,4;65;Automatic
71025;6;54000;269,4;65;Automatic
71025;4;26000;269,4;65;Manual
71025;2;12050;269,4;65;Automatic
71025;6;115000;275,5;55;Automatic
71025;8;72000;275,5;55;Automatic
71025;6;75000;275,5;55;Automatic
71025;6;110000;275,5;55;Automatic
71025;7;45000;275,5;55;Automatic
71025;6;40000;275,5;55;Automatic
71025;5;42794;275,5;55;Automatic
71025;6;57000;275,5;55;Automatic
