Valor;Area;Idade;Energia;Local
147831;127;20;258;A
96059;88;29;190;B
105051;107;23;185;C
113459;112;18;180;A
92095;108;16;235;D
92517;97;18;118;D
121382;130;28;238;D
83022;98;22;135;D
143153;140;15;244;A
92669;98;17;191;D
145516;126;-3;285;D
130454;145;22;135;A
66993;72;29;175;A
98938;94;8;210;D
90493;97;20;214;B
117125;112;15;128;B
111958;94;12;195;D
45065;46;20;122;A
46148;51;12;227;D
124592;126;19;174;D
86673;93;33;218;D
85069;64;2;255;C
96970;96;13;208;B
126028;124;15;240;C
131644;137;32;195;A
78005;91;28;201;A
102565;94;19;228;C
66446;64;7;201;C
107480;109;22;183;D
75559;87;21;149;A
111340;109;25;250;A
128132;114;20;298;A
139332;120;5;247;C
81481;87;17;252;B
100197;110;35;169;B
60597;65;3;205;B
66271;84;21;205;B
64811;82;35;229;D
43776;51;15;184;B
99415;100;25;160;D
112158;104;15;193;C
109259;92;24;340;A
117500;115;6;182;D
91586;85;13;249;C
62209;72;30;115;B
99406;108;42;348;D
82294;83;15;126;C
114528;128;23;207;D
84939;91;32;202;C
137829;113;17;190;B
92322;106;21;117;D
66216;84;27;150;D
138281;131;-4;255;D
107745;112;26;207;C
84488;101;11;197;D
102017;105;21;215;D
106307;113;16;208;B
111791;101;19;208;B
47986;40;29;239;C
99484;105;23;230;D
87008;92;14;265;B
94448;103;21;195;C
87904;111;28;217;D
129882;127;25;91;B
79935;85;5;266;A
140200;126;-10;244;D
115944;106;23;189;B
124016;120;16;294;B
103247;118;24;187;B
91169;114;23;217;C
68074;79;15;126;C
83403;98;23;210;B
111073;112;25;161;C
88488;80;29;168;D
84382;89;21;295;A
120127;111;11;258;C
100816;115;18;165;A
115325;109;7;247;D
102250;82;21;250;C
72853;78;5;229;C
124219;130;41;200;B
118405;105;1;213;B
86422;101;18;243;C
101369;97;40;180;B
95519;76;9;277;A
110269;112;11;194;A
100158;95;-1;256;B
97116;96;4;213;D
117140;118;9;167;D
122995;116;4;196;B
126096;127;23;227;C
88771;90;34;171;A
113604;113;11;170;A
135535;127;8;229;D
56977;77;31;229;D
90255;82;5;254;C
75616;77;23;227;C
87047;70;27;246;A
95635;101;40;174;B
98145;113;24;283;B
127254;124;11;232;D
123630;120;33;186;A
84391;79;3;177;D
127097;136;25;131;D
74583;86;20;239;C
113487;102;-4;122;B
96047;91;19;268;B
116168;97;23;186;D
104588;103;20;219;D
92073;102;35;152;A
115060;99;15;241;D
109996;102;6;271;A
83528;90;17;188;A
96506;89;21;269;C
78256;66;-4;226;A
119544;92;16;223;C
75010;89;26;230;B
157306;154;19;164;A
74115;72;25;181;A
89550;102;35;126;A
75206;70;1;121;A
71998;70;34;209;C
107125;102;27;133;A
82724;80;33;192;A
83772;99;26;117;A
82731;91;20;258;D
78197;87;39;224;D
45991;59;17;155;D
85647;75;0;219;B
103056;103;20;243;C
98815;111;0;117;D
81575;90;33;190;D
105662;100;5;194;D
108874;122;31;220;A
121705;128;12;163;D
72624;78;16;233;C
89351;97;34;186;B
138438;124;24;171;C
78602;90;6;131;B
98364;98;18;77;C
114648;98;16;176;D
83067;82;11;289;A
101496;91;26;233;A
99148;99;46;157;A
117234;91;8;213;A
121448;122;17;106;C
62152;90;46;238;C
91830;91;22;175;A
117452;113;16;139;C
65038;78;19;130;D
117402;99;3;279;B
76600;68;18;181;A
131322;123;9;198;D
96777;94;7;138;A
82044;90;22;186;A
91683;75;12;264;C
91651;99;25;143;B
75309;83;24;190;A
93158;89;23;292;A
122921;125;21;171;B
95369;96;25;278;C
91245;78;8;188;B
94890;103;7;166;A
89333;92;12;205;C
122615;111;31;191;A
144609;128;19;225;D
84215;80;18;200;A
100168;109;17;138;D
84575;101;21;154;C
117818;117;25;184;C
93633;95;20;166;D
113865;116;29;140;D
58541;65;32;216;A
124491;133;30;205;B
116034;117;21;195;C
86593;96;34;275;A
46974;71;21;218;D
108844;112;22;261;B
104529;109;21;151;C
98839;99;27;114;A
106048;103;13;178;B
89788;88;12;216;D
106304;107;36;286;A
84960;105;6;196;D
75512;94;32;209;D
66596;73;3;120;C
100787;114;38;283;C
102174;111;19;76;B
74316;83;44;208;B
59052;68;23;133;C
100344;104;13;268;A
117466;93;28;216;A
94774;105;22;209;C
61120;74;27;224;D
82295;80;22;201;D
101195;121;33;163;B
114999;108;29;278;A
80589;111;16;266;C
141613;136;22;243;C
88837;102;36;220;B
66028;59;21;260;A
100727;106;32;190;B
127263;123;31;104;D
137625;141;22;175;C
64484;72;28;152;D
92314;76;14;215;C
80820;85;19;131;C
69251;78;39;223;B
85128;87;22;222;D
82844;96;32;256;D
61375;75;15;261;D
139081;140;-4;159;A
112982;102;10;286;B
92433;98;17;211;B
126053;109;7;163;B
79608;100;28;129;C
88656;97;19;304;C
124262;129;10;239;A
99567;95;30;264;C
71898;74;16;170;C
137327;107;8;241;A
86527;92;18;113;B
83141;89;21;158;A
45472;78;43;179;B
125134;108;22;27;A
97693;96;16;144;A
101847;110;10;230;A
87958;95;21;128;B
75618;86;16;179;D
111132;125;28;191;B
93349;94;22;155;C
122816;118;34;197;A
67718;75;22;216;B
101892;90;6;157;B
84052;94;11;162;D
79702;92;19;220;B
110338;126;26;130;C
92090;99;44;282;B
109749;104;26;276;B
91174;81;25;214;B
73431;85;7;200;B
110043;119;23;127;A
143344;125;6;83;D
125293;124;14;290;B
69276;72;28;107;A
147145;140;29;301;B
125888;120;15;218;C
95574;99;14;158;C
132741;114;17;205;B
68428;80;38;126;C
95786;78;-7;194;A
94448;100;18;241;B
40374;76;31;191;B
95376;103;18;237;C
116587;125;8;177;B
71994;79;26;221;A
71261;85;28;220;A
98430;100;7;215;B
76729;79;16;102;D
70696;92;26;249;D
127097;117;12;204;B
114860;119;19;260;C
120108;107;17;207;B
63558;62;18;260;C
100723;98;18;226;D
101751;121;32;308;A
114667;116;30;237;D
99798;96;24;228;B
37611;46;17;232;D
106134;101;3;243;D
121513;111;10;233;C
95606;100;31;195;A
108000;103;11;258;C
95117;108;16;177;D
84837;92;30;276;B
142849;126;6;270;D
108380;109;37;227;D
85454;75;18;260;C
126967;127;-5;230;D
136970;124;9;171;B
119652;116;17;201;C
79078;66;33;239;C
68586;88;30;89;A
101856;112;27;133;D
110236;100;24;163;B
107332;106;19;276;B
155828;149;14;148;D
90000;83;8;166;B
39488;57;30;139;C
93984;105;21;100;D
82795;86;29;261;D
116095;108;43;224;A
84726;83;24;221;D
142143;144;18;209;C
86307;97;30;205;A
105097;90;15;235;C
93113;96;24;150;B
92475;117;38;130;B
101454;101;13;204;A
77946;67;10;200;A
111059;99;9;170;A
105637;115;32;210;B
103032;100;25;206;C
88513;114;32;120;C
80417;97;27;227;C
93240;98;22;187;C
90019;109;22;146;D
119684;119;20;190;A
88905;75;13;171;C
106405;99;21;212;D
114093;98;16;196;B
84912;84;27;202;C
74934;79;9;174;C
104603;87;8;213;C
109230;111;35;222;B
96468;91;18;167;A
53221;84;33;84;A
96318;103;30;192;D
63060;75;11;229;B
129650;120;10;319;C
104569;90;13;246;C
119104;103;0;101;A
94027;101;23;275;C
105616;99;14;317;C
133046;136;5;275;D
76834;83;11;223;C
118350;122;32;146;A
102158;100;31;168;A
86430;83;31;185;D
103686;98;13;247;B
83050;114;35;162;A
77830;91;11;171;D
78818;84;26;154;B
113635;103;18;173;D
98673;119;34;145;D
87490;98;26;297;D
67191;72;4;185;B
66424;73;34;202;D
76564;84;16;185;B
95817;89;13;288;D
108905;99;16;259;A
125661;113;7;161;C
99752;91;15;289;A
95144;77;7;184;D
95065;112;34;280;D
102960;105;19;186;C
128725;123;-4;168;B
79496;66;7;202;C
96150;101;16;156;D
155167;127;-8;230;B
118194;114;-2;188;C
94716;83;2;194;D
125268;114;29;189;B
76155;82;22;289;D
104825;90;17;266;D
120007;123;5;203;B
101118;94;15;249;D
121421;116;8;232;B
82479;94;21;230;C
53876;68;25;94;C
86807;83;18;273;D
71377;78;23;181;A
87681;90;30;246;D
89401;93;20;291;B
102128;96;9;172;D
73866;95;38;123;C
135792;137;22;287;D
69704;72;15;243;D
90715;91;18;141;C
93135;106;22;175;C
133679;132;18;156;D
98993;101;13;178;D
115141;124;26;252;C
78949;67;19;278;A
137879;128;13;236;C
94411;86;1;99;A
77513;94;14;153;D
75204;77;23;197;D
104825;102;26;164;D
130181;135;7;140;B
137040;148;35;221;B
87514;78;9;216;C
105295;109;13;221;C
117921;127;21;245;B
106987;96;24;276;C
85563;95;19;157;C
100953;93;14;214;B
135168;111;2;267;A
135972;127;9;189;C
94743;113;22;175;B
106008;106;23;206;D
85313;93;22;133;B
103783;109;19;151;C
97087;89;19;198;A
127764;94;21;207;A
100586;121;50;187;A
109856;108;20;222;A
115828;104;9;158;B
90803;94;30;220;D
92617;118;34;129;C
127191;126;28;206;C
65832;82;18;170;D
104416;101;4;206;D
89534;100;27;217;A
61354;88;31;147;D
64194;80;8;214;C
104674;99;9;228;D
105395;113;13;224;B
135200;129;10;289;D
59889;61;19;261;B
94997;85;0;216;B
94572;93;21;247;A
80543;66;16;301;D
75702;84;33;186;D
66089;84;9;138;C
85043;85;38;170;B
37642;56;18;168;C
108075;104;21;300;D
90008;87;11;255;D
135637;130;1;204;A
121505;115;4;151;D
86588;70;21;199;D
99717;101;19;251;D
100430;88;32;145;A
114411;117;18;98;C
96787;101;32;243;D
62395;88;36;127;B
113956;108;22;261;C
87751;103;29;238;C
98466;96;16;119;A
126655;140;4;195;D
74521;89;17;135;D
68391;90;18;107;B
61773;69;8;164;B
87715;99;18;172;B
118566;117;35;260;C
40218;58;15;199;B
99353;94;38;210;C
85045;76;10;160;D
137824;128;6;192;C
152240;127;5;187;A
123775;106;23;189;A
130496;128;17;217;C
69508;82;21;211;B
111356;119;29;43;B
75075;88;33;206;A
101111;106;15;209;A
82714;94;36;177;C
110996;94;18;259;A
91170;110;16;163;C
92689;73;6;214;B
92182;94;9;241;C
99758;103;19;211;A
80009;91;22;190;B
103059;102;10;140;D
79757;93;31;253;D
106996;132;32;162;C
129360;114;0;248;D
173523;159;12;237;B
93739;84;27;234;A
107554;116;29;187;C
137937;141;21;85;A
107888;106;18;231;D
78389;78;20;177;B
73490;79;24;147;C
99537;99;21;143;D
101625;126;52;172;B
123724;115;12;180;D
44983;57;13;249;B
72736;85;26;214;D
60878;99;31;173;C
65000;70;21;207;D
96963;113;20;246;B
61005;50;18;168;D
92934;102;32;264;A
81117;92;16;170;D
90925;90;16;188;C
83336;94;31;208;B
108754;106;31;248;A
96501;107;16;286;B
107238;95;16;242;B
51857;61;35;106;A
52276;71;33;154;D
43604;70;31;193;D
133102;115;12;168;B
104326;95;6;176;A
91545;105;29;203;A
86463;68;21;155;A
74615;89;32;172;B
120611;111;7;232;D
77280;96;38;38;B
101827;97;16;206;D
107134;98;18;155;B
139153;124;22;216;B
90984;87;13;163;B
110689;113;21;185;D
132924;117;13;233;D
71417;76;22;247;C
92069;102;11;223;B
101631;99;12;126;C
124188;120;28;245;D
90470;118;41;153;B
122103;99;17;331;B
96120;102;13;256;C
87382;85;29;261;A
107284;96;17;291;A
82730;79;26;196;D
107004;80;3;161;C
74815;75;25;182;C
92313;116;41;228;C
131682;122;22;235;C
90440;91;32;201;A
67605;77;21;219;B
103452;98;29;252;A
123546;144;16;168;A
154546;140;15;220;D
45838;65;24;105;A
89402;92;24;214;D
127854;130;32;252;B
90938;99;29;234;B
133734;131;12;195;A
84072;93;17;235;C
114350;112;17;288;D
119321;104;26;196;B
175170;164;5;81;C
113823;118;29;221;C
71632;75;20;238;C
91254;87;21;223;C
89953;107;27;281;B
53846;61;19;170;B
79643;63;12;209;D
77573;77;12;284;B
95270;93;14;162;D
122162;124;22;163;C
89827;94;5;177;C
95683;103;7;113;C
101227;98;28;197;B
103593;85;12;137;A
101257;127;15;109;C
70926;78;42;237;B
97111;95;15;152;A
103117;93;16;264;B
107555;110;25;188;A
138346;132;28;208;C
109660;110;27;286;C
111394;127;46;222;D
103885;115;40;179;B
78773;87;32;178;B
107481;101;7;204;C
117625;127;17;202;D
86377;68;-1;185;C
114732;106;6;187;D
116990;96;22;206;A
108897;117;24;224;C
117374;115;9;151;C
91990;106;15;158;D
128254;129;35;184;A
84744;69;20;177;B
113469;118;32;184;B
59615;68;25;200;D
95802;111;16;283;C
108835;101;12;174;C
94744;119;24;161;B
97032;101;13;269;D
76328;68;19;173;B
45562;59;23;125;A
107321;110;19;110;C
98242;98;10;142;D
99435;88;9;140;A
97952;93;23;193;D
89463;86;26;124;C
94937;96;23;219;C
84429;81;25;159;B
63311;60;8;186;C
89816;95;17;225;B
111382;120;27;220;B
125324;137;34;134;B
102753;100;10;161;D
94518;98;3;194;C
94617;119;21;196;B
102789;101;23;99;B
82768;91;28;134;A
53065;65;34;224;A
62863;74;19;165;C
122126;108;6;117;B
62308;70;4;179;A
122460;120;3;124;D
76264;73;19;246;D
93876;96;24;300;D
85960;99;13;205;B
106050;99;33;189;B
102024;103;25;190;D
106837;111;17;208;B
97204;97;26;185;C
91357;95;24;133;B
94016;103;16;231;C
94878;91;24;89;B
106329;130;32;169;C
44845;56;28;185;C
114505;120;26;185;B
98397;95;14;242;B
105642;108;21;119;C
121170;119;9;135;C
110532;116;23;176;D
85116;86;15;257;A
130724;131;11;122;A
68423;67;10;242;A
98637;117;20;192;D
93390;89;17;229;D
65411;61;11;257;C
74752;62;20;176;A
87994;104;37;195;C
148423;144;37;161;A
111799;105;12;108;B
121322;122;13;225;D
108364;116;20;201;A
96913;86;16;166;B
99022;119;37;294;A
93285;107;24;204;D
97785;104;25;209;A
111764;120;25;138;D
112326;114;17;247;C
84711;87;28;145;A
119046;107;6;155;C
83581;82;19;182;B
102225;112;33;279;B
85933;91;2;181;B
103034;109;9;227;B
93860;107;8;150;B
88952;94;27;221;D
89404;109;19;261;D
95971;111;17;222;D
96185;95;27;198;A
148759;123;1;244;D
106271;127;29;177;D
62257;86;15;181;D
60736;84;23;161;B
90434;110;30;215;D
89348;81;13;191;C
89964;91;37;202;C
125752;116;18;297;A
77304;88;28;167;B
73139;61;3;148;B
113713;113;11;113;C
56835;67;19;101;C
66637;72;29;120;B
33071;39;21;297;C
126877;116;5;242;C
110527;105;25;247;D
99852;109;22;116;C
103849;116;30;232;C
85330;99;18;143;D
79613;77;41;156;A
109117;111;8;199;C
137259;126;26;229;A
67296;69;36;187;A
69148;87;15;183;B
85489;94;26;167;D
72821;74;23;187;C
122266;113;16;67;C
102176;88;36;141;C
114066;125;17;191;B
93733;101;11;307;B
119110;114;0;155;D
107951;131;29;150;B
99887;105;7;181;C
97109;121;25;73;C
89844;104;24;222;B
81332;69;-5;289;A
80429;100;21;289;C
99710;114;20;160;A
119256;109;27;209;A
85301;96;10;245;D
74079;75;32;261;C
127846;112;30;243;D
75385;81;43;132;D
58030;74;34;114;C
127701;111;11;218;D
55586;75;20;213;C
108204;104;14;119;B
97835;100;5;242;D
75661;73;1;238;C
110179;123;19;135;D
80334;88;8;204;D
111759;123;23;205;D
77774;90;28;179;B
89595;88;32;254;C
91675;99;17;147;C
81387;92;31;202;D
82931;92;31;158;C
85703;82;23;173;C
71713;75;14;241;C
95412;112;29;221;D
94664;83;1;185;D
73113;72;33;144;C
67542;89;32;203;D
85687;83;18;154;A
53012;56;22;170;B
82137;94;2;131;D
109893;103;13;129;D
93863;105;15;106;A
87455;107;38;182;A
94117;79;5;115;B
101994;93;10;326;A
85396;79;22;204;A
78612;87;22;148;C
63769;75;17;257;C
71865;77;20;189;B
114124;112;27;190;B
78070;94;16;167;D
111965;94;30;175;B
129355;134;27;134;C
69935;98;37;189;A
77523;89;17;144;B
116713;114;9;212;D
86321;90;22;281;A
128230;127;29;221;C
74412;92;33;208;B
73819;87;39;255;A
91324;76;0;212;B
99209;106;16;122;B
124892;129;33;243;B
105463;92;10;160;A
119465;105;16;173;C
124101;106;7;170;D
138216;128;11;175;C
109832;113;12;149;A
82325;78;11;237;A
99924;86;25;232;A
74824;85;-2;186;D
109426;102;19;162;C
99741;99;34;219;D
113928;107;6;210;A
85773;86;24;224;B
97851;92;8;233;B
114446;114;17;191;B
89010;98;21;215;B
86519;86;29;152;D
123089;119;22;269;D
87361;100;12;237;D
92974;81;27;296;B
136215;134;3;125;C
68562;76;27;286;B
66591;64;10;163;B
61291;54;8;157;C
131117;113;21;187;C
96839;89;-1;93;C
95231;94;13;209;C
100802;105;11;187;D
85827;90;8;249;D
72012;67;21;187;D
57959;61;21;274;D
105403;93;25;155;B
87700;103;37;248;D
57460;54;18;303;B
107219;105;39;231;A
124744;108;1;210;A
130217;125;2;198;D
110483;103;10;177;A
86097;104;17;204;C
116068;112;19;143;B
111852;99;36;340;B
87893;98;15;197;C
88570;102;30;164;A
123648;114;21;160;D
93572;91;28;246;C
95804;90;31;184;B
96859;82;1;273;B
91783;80;26;265;A
121924;106;15;244;C
148243;130;15;210;A
74890;80;9;155;C
97253;96;16;216;C
88913;79;6;172;A
124118;118;11;140;A
100901;93;20;262;B
92803;103;17;102;D
123034;106;27;338;B
79539;78;-3;180;C
106833;97;28;200;C
91473;95;24;321;A
115627;113;6;235;D
85249;75;15;191;B
72667;76;16;141;B
102585;115;19;157;C
81753;88;9;212;A
97893;86;7;220;D
91463;102;37;133;C
100596;93;10;226;B
141642;137;11;181;A
106653;105;20;192;D
101244;103;30;224;C
120609;118;10;156;A
106428;98;22;156;B
100805;100;31;217;C
75820;78;21;287;A
55550;54;17;246;B
55085;75;23;97;C
83820;102;21;131;C
94065;79;9;242;B
120583;113;23;153;B
142733;114;11;290;C
92169;104;39;172;D
89716;95;11;205;D
67937;72;36;239;B
72017;93;24;190;A
86260;90;25;223;A
94358;113;20;204;D
126898;126;6;165;D
125273;110;19;174;D
84935;77;17;157;B
118787;133;43;204;A
108771;120;23;196;C
104029;104;18;163;B
48503;55;20;191;C
84297;80;40;232;A
100345;98;3;213;C
94702;115;19;230;D
74688;76;21;201;A
163386;164;22;233;B
41771;48;33;119;D
86480;95;12;179;C
99206;94;-1;187;D
90953;86;14;200;A
103639;93;12;119;D
133052;114;0;270;C
103247;82;21;248;C
64778;58;21;208;C
102059;101;10;248;A
57989;99;41;192;D
89211;99;34;235;D
112042;113;13;243;D
88577;99;33;249;C
132202;115;8;189;C
59913;59;21;192;D
65978;77;42;276;C
97423;106;29;133;C
119348;92;16;235;A
107986;118;-2;243;D
51645;79;27;107;D
123848;114;11;187;A
79132;86;36;276;D
83801;77;33;205;A
86134;93;23;181;A
98719;100;34;162;D
91880;75;4;180;A
64937;84;41;233;B
57331;75;36;214;D
136745;120;32;229;A
97512;114;24;182;B
82201;79;11;177;B
121286;111;15;153;C
96857;94;15;222;C
69785;77;33;255;B
125389;108;0;189;D
87049;93;16;248;C
115942;117;25;200;A
113030;96;3;177;A
117888;123;14;231;D
84539;89;35;132;A
112672;104;21;160;D
94936;107;31;258;D
135560;105;19;230;C
93804;104;29;208;C
101323;99;25;188;D
104082;98;30;211;D
116634;127;20;85;D
118035;118;9;164;A
76991;87;6;163;C
132385;127;27;202;A
117303;102;15;235;C
69841;87;11;128;A
105418;103;26;176;A
102502;96;23;162;D
117473;102;8;202;C
106770;80;3;200;A
91221;83;5;146;A
104861;127;34;137;A
122710;119;24;199;A
94917;82;17;248;A
84387;81;25;169;C
129082;134;19;279;D
159862;138;4;188;D
87461;84;28;147;A
62636;73;29;167;D
168168;152;6;196;B
110280;104;34;199;C
88878;103;18;239;A
115725;101;12;218;B
130793;128;52;180;B
91962;96;18;266;D
133528;129;3;237;B
98161;95;20;185;C
104806;110;26;165;C
78117;79;31;253;B
110296;103;23;220;C
137119;124;18;234;A
85843;96;14;200;D
126913;125;26;282;A
154811;154;13;194;C
116314;118;29;211;B
98606;95;16;152;D
103706;101;-1;177;D
74710;91;28;204;C
135697;143;17;173;D
29992;40;20;264;D
72290;101;36;223;D
111168;102;18;247;A
91348;104;22;108;A
48404;68;21;130;A
97334;104;35;105;A
102815;103;16;227;C
137541;125;11;277;C
130039;110;12;96;B
127363;122;-1;211;C
105809;80;1;253;A
80403;97;33;254;D
101811;103;19;260;C
95428;105;20;209;D
69710;86;22;154;C
114112;129;32;229;A
118894;87;17;187;C
44516;67;18;135;A
102729;108;29;199;A
90370;113;31;188;C
100687;118;29;178;C
92443;81;8;270;A
73910;95;21;100;B
70117;73;15;215;A
115827;116;15;344;C
105965;106;22;231;A
97492;118;35;272;B
90100;112;2;191;C
80823;87;11;210;D
113134;103;19;196;A
60393;61;16;170;A
105385;110;28;324;B
127651;119;18;127;D
82121;82;15;150;A
40709;57;34;175;B
73339;69;29;207;B
77226;77;9;290;C
132094;124;2;241;C
97195;100;22;172;D
63547;75;44;153;A
113212;111;15;169;A
48701;56;6;214;C
100542;95;9;234;D
134533;122;6;183;D
102576;93;16;69;A
120786;126;29;117;A
130777;135;23;181;B
61665;76;30;208;A
69060;76;31;257;B
75574;81;22;205;C
114120;110;23;253;C
133938;116;10;241;A
107379;124;26;236;C
113043;125;20;233;B
116571;121;12;182;B
144050;118;16;178;A
118804;103;22;227;A
74402;82;44;137;B
73647;85;32;259;D
118041;108;10;236;D
132255;133;26;211;B
139444;134;11;182;B
56489;61;25;239;D
87068;83;7;183;C
130933;128;5;218;D
67336;78;21;167;D
71777;67;29;167;A
114328;111;10;221;C
153830;134;29;219;B
136206;138;32;232;C
93630;110;26;188;C
120301;114;31;188;B
118227;111;21;268;D
92836;99;37;194;B
19089;32;29;226;C
106244;115;22;164;B
87386;92;14;111;A
124813;120;21;239;A
89117;87;32;181;B
64329;67;26;223;B
122002;124;13;239;A
111821;103;11;179;C
157373;169;25;152;D
108956;118;10;214;D
102416;120;33;173;D
116294;115;19;172;D
102252;87;21;215;A
101137;92;-2;194;D
100843;121;33;250;D
118013;121;16;160;D
112047;111;28;191;C
93612;80;-1;301;C
123100;133;25;129;A
86588;72;23;130;C
75901;91;4;169;C
141403;146;21;185;D
112435;110;7;223;D
127127;119;11;123;C
108187;107;26;249;A
94346;80;18;231;A
69344;88;17;202;D
112601;103;12;180;D
40074;41;-1;168;C
72551;83;23;196;C
129680;115;-4;296;C
97050;94;30;211;B
98226;94;21;210;C
117804;117;20;91;B
103367;89;15;228;D
116487;112;-2;170;A
61611;71;24;198;A
66144;75;23;193;C
67586;66;16;169;A
93949;101;22;255;D
88933;95;28;259;B
137115;128;24;190;D
76041;99;26;136;A
145404;127;24;161;A
146544;138;13;297;B
92597;90;39;138;C
117255;107;25;202;A
99286;83;23;164;C
125546;114;16;145;C
90082;78;2;231;B
62396;79;17;222;C
113466;105;15;196;B
122177;101;-1;265;B
102016;105;27;216;C
90002;101;19;214;C
77438;89;33;276;C
89919;97;18;275;D
112097;132;35;86;C
109638;99;8;157;A
79612;73;9;248;D
91482;83;16;262;A
52730;77;31;186;D
74110;81;4;290;D
61726;74;37;242;C
42557;47;25;215;B
111067;113;25;202;D
103220;113;11;238;D
99295;94;21;132;C
100446;85;12;183;D
88435;83;18;128;D
113541;107;16;160;D
87711;104;28;202;A
110546;108;16;260;B
91071;100;13;168;D
116026;112;19;229;D
93817;108;26;179;D
104959;111;28;246;D
100260;109;26;221;D
121948;133;33;194;D
71324;78;28;142;B
146716;130;3;215;A
86846;93;34;248;A
81810;98;29;94;B
123470;101;14;134;C
53697;91;33;178;D
55375;48;3;301;D
93082;93;20;175;C
83076;100;36;182;B
66226;65;26;198;C
118482;110;25;237;C
80818;88;0;161;D
138181;128;7;198;C
106513;105;11;144;D
90411;84;14;276;D
100243;103;36;251;C
109316;105;18;221;A
98976;118;13;202;C
97188;96;18;188;A
47868;59;32;185;D
75657;74;23;234;D
82574;82;16;169;C
97020;108;-2;217;D
103384;94;27;241;A
74041;87;16;259;A
78120;83;22;222;D
111100;103;18;199;C
96837;82;17;168;A
78505;92;24;193;A
86829;81;22;164;D
85345;72;20;268;B
115335;119;37;212;A
75670;73;10;211;B
89207;101;24;279;D
95459;88;23;290;C
80148;78;13;176;A
95847;105;3;197;A
113142;107;24;236;C
116072;125;26;175;A
107482;106;27;234;A
108528;97;22;233;B
156686;152;23;99;D
101047;86;19;192;B
69095;79;17;131;B
90836;89;27;258;C
101814;97;24;253;A
84749;112;40;207;D
105341;108;17;224;D
118373;97;7;149;B
79169;82;15;184;B
124690;122;22;186;B
113015;118;27;209;C
84725;85;21;187;C
104639;113;24;252;A
92234;109;23;185;A
112452;120;28;262;D
94815;102;39;205;A
70653;77;32;178;D
111388;116;24;211;B
80685;85;23;191;A
116450;110;9;184;D
136612;133;26;140;A
71639;71;6;133;C
122318;131;15;145;B
119383;127;40;195;C
94346;89;14;272;C
91607;94;25;191;A
79727;86;25;212;A
91004;88;15;185;A
116782;111;13;228;D
87474;82;28;217;A
78712;96;38;238;A
99755;97;21;187;C
109561;98;11;267;C
86892;103;19;160;A
124467;131;-2;246;B
83345;90;12;210;D
73488;84;31;265;C
116979;115;5;169;B
101476;107;20;147;A
99061;104;40;184;A
124585;111;9;263;B
84274;71;13;252;A
117213;121;18;182;D
98788;109;31;252;A
143101;119;15;240;C
67222;88;10;177;D
66870;63;17;152;C
100326;90;14;188;A
62027;81;23;238;B
124812;144;18;218;D
97300;91;17;278;B
89458;95;8;155;A
108923;121;37;229;B
94487;112;10;217;A
136072;113;1;249;B
147578;152;14;187;C
92618;103;9;248;D
112689;138;33;170;C
114166;105;18;178;C
50695;70;11;255;B
65836;55;22;222;B
122848;112;23;196;A
73242;80;30;235;A
117352;100;14;262;B
140501;135;7;209;B
93590;106;29;153;D
100186;94;20;197;C
45819;61;16;115;D
63692;83;23;79;A
90604;88;19;189;B
121469;113;15;235;B
132986;109;14;244;B
93103;100;17;145;A
118693;103;16;177;A
79906;94;21;90;D
100254;100;30;185;B
104258;105;10;230;C
98219;108;30;249;D
121154;136;24;167;D
101150;77;11;298;C
148076;129;16;189;B
121935;113;31;252;A
57047;69;33;295;B
79924;94;22;234;C
101673;87;18;173;A
87121;81;1;118;C
73114;69;1;162;D
84390;90;26;126;C
77730;91;22;192;D
82508;93;29;182;D
64023;58;35;302;A
103012;108;31;227;C
118094;114;15;217;B
102318;115;29;177;B
116612;115;14;238;D
90442;104;28;68;B
123279;129;34;210;C
61730;82;20;120;D
79920;75;28;127;A
123479;106;10;252;C
119450;108;20;162;D
81816;85;11;180;B
106593;100;21;177;A
105615;106;13;198;A
103956;107;16;293;C
107058;117;15;232;D
140591;118;16;174;A
55519;51;12;180;C
145387;134;13;241;B
96128;109;17;117;C
99414;88;31;214;D
73955;77;32;251;A
116039;118;19;145;C
103630;106;26;188;C
120103;121;31;204;A
91494;98;12;93;D
95210;95;17;246;A
139251;144;24;218;B
72244;59;26;112;A
123579;107;17;135;C
112017;107;22;191;C
96741;108;20;183;D
98329;111;15;158;C
99821;94;-3;130;D
126031;123;26;256;B
51802;50;26;209;C
83105;83;28;271;C
119745;97;17;153;A
92059;103;37;189;C
100159;108;28;225;C
92774;112;32;218;D
65846;69;20;219;B
121509;100;-10;208;B
121082;110;30;176;A
116763;126;13;177;D
99394;97;10;211;B
137416;131;15;172;B
82617;94;38;215;D
119884;99;-3;102;B
92999;103;13;162;A
76168;89;32;202;A
81943;114;15;160;D
61329;73;32;208;C
89802;99;32;292;C
82309;89;39;278;C
92953;89;28;162;A
117241;123;2;197;B
118479;121;0;185;C
148182;131;-3;161;B
110746;94;8;207;A
121681;100;-2;203;B
78214;68;16;176;A
104429;92;7;169;B
154501;135;0;208;A
84233;91;7;178;C
77597;76;14;110;C
127040;100;17;190;B
138452;124;7;187;C
62059;68;34;187;C
92601;94;18;183;D
106976;109;28;157;C
152286;139;26;157;A
87729;87;28;118;B
130303;130;18;237;A
99270;91;20;137;A
83005;79;8;191;D
56245;77;27;78;C
107170;95;8;180;D
93410;99;25;216;C
92206;93;16;148;A
136782;121;3;170;B
121494;103;14;239;D
96045;97;24;162;D
92885;87;13;244;B
73404;74;27;245;C
60365;60;10;240;D
100442;104;19;215;D
92615;100;3;238;D
130325;127;13;198;B
101580;105;11;276;D
116594;115;14;224;A
96753;100;17;188;C
92663;83;23;263;A
126916;105;13;204;A
101706;106;26;230;B
61884;83;10;136;D
95113;99;24;225;C
136784;140;14;249;D
68383;77;38;198;C
120110;129;19;277;D
94009;95;27;156;B
131885;129;28;225;C
59602;83;15;226;A
97737;98;25;240;A
98833;106;11;291;B
87028;97;31;204;D
124478;113;28;232;A
90863;96;19;214;C
116160;124;16;103;B
113034;103;5;175;B
104153;113;23;153;D
61932;76;28;168;B
92941;86;9;155;C
98327;121;26;193;D
104017;110;27;204;C
86466;97;38;153;B
99557;97;11;219;D
87028;115;23;255;D
93606;95;-2;157;C
93752;101;21;214;C
73353;67;26;223;B
124989;135;32;149;B
99336;115;8;173;D
130662;116;25;186;A
51015;61;19;193;D
106249;99;24;226;B
100262;91;30;187;A
63529;72;20;202;C
95951;114;36;173;B
116926;124;11;219;B
95683;88;33;144;B
97343;95;31;289;A
129045;134;3;100;C
49759;67;16;177;B
111430;114;7;128;A
89301;93;30;244;C
83650;97;37;183;B
101246;87;-11;146;B
123620;121;41;141;A
77230;77;21;202;B
129492;119;21;118;A
124585;128;6;172;A
73749;67;21;223;C
71658;77;13;321;D
112430;111;30;175;B
93787;80;6;185;C
95157;86;9;314;A
100736;91;24;235;B
96443;93;19;284;A
112368;114;16;143;D
97928;87;9;197;B
102758;101;24;217;A
103840;114;14;194;D
74228;69;17;152;A
97077;86;22;185;C
98198;117;36;73;D
102927;92;19;183;C
54207;49;8;264;D
98152;82;15;223;B
137498;116;9;206;A
96008;91;25;168;C
99662;91;12;141;C
88817;97;16;235;C
133426;114;20;306;A
73669;90;13;176;C
114715;109;18;165;D
126742;111;12;200;B
91512;79;22;180;A
100901;98;37;225;B
100351;89;16;174;D
103810;108;25;281;D
65953;69;7;164;B
130698;130;18;250;C
147938;126;15;220;A
89193;83;25;177;D
82505;86;20;231;A
85042;81;20;214;D
81174;97;37;274;D
82034;89;17;216;A
127269;102;21;242;C
64172;62;20;191;A
91196;103;16;162;D
110152;100;28;252;D
68863;67;27;189;D
113666;105;39;189;B
77405;101;21;147;B
75226;95;22;217;A
106215;99;23;214;A
84105;107;38;201;C
99887;106;14;207;B
73854;91;20;165;D
115855;123;19;199;D
119356;99;11;247;A
104931;97;21;149;D
115973;118;8;215;C
110458;119;10;93;A
98718;85;20;310;B
89775;80;34;165;A
75290;85;26;94;C
63087;76;37;212;A
73906;64;11;220;D
101952;106;32;197;D
94470;97;36;262;C
126373;112;10;257;B
103356;99;0;201;C
100706;108;17;240;D
81820;90;26;295;C
70846;80;23;147;A
94563;115;27;248;B
112228;115;6;169;A
71605;65;13;232;B
123384;117;32;203;A
63288;64;20;210;C
102889;99;19;214;C
100237;92;22;210;D
88656;97;30;230;A
146278;121;-2;234;C
90457;74;4;205;D
101250;94;27;235;D
158223;151;38;239;D
72974;70;18;176;C
73786;87;14;313;C
100781;99;19;140;C
92593;103;12;191;C
90785;89;11;179;C
105690;94;7;110;B
133137;121;24;291;A
102953;96;21;177;C
100962;105;9;165;B
93991;107;18;109;C
95194;108;24;265;D
120722;109;11;158;D
95909;101;8;237;C
76427;85;21;198;A
92854;98;25;274;A
71272;80;10;104;C
109804;101;1;178;D
88658;93;24;150;C
118617;97;14;256;D
80373;78;36;240;C
85792;94;21;158;B
77830;78;30;287;C
78104;91;24;228;C
121057;110;19;147;C
100574;104;31;169;C
136914;117;26;229;B
123222;109;19;244;D
108236;102;31;124;A
116460;119;34;160;D
104655;123;23;134;D
58885;72;29;139;D
137387;117;11;246;C
101861;115;27;193;A
137720;118;22;234;A
67205;81;33;118;A
140025;148;21;131;C
54358;48;20;284;B
106585;100;7;203;B
114054;102;28;253;A
97497;97;25;174;C
100931;114;20;212;B
100391;102;22;195;B
84009;84;18;225;B
122960;128;20;269;A
92217;94;28;172;B
113456;112;29;253;A
107101;86;11;246;B
105398;78;8;185;B
65802;87;25;149;A
72668;78;8;271;C
115340;110;19;141;C
67757;68;23;177;B
70421;80;24;125;D
98082;100;23;210;B
55495;65;20;166;B
89194;89;25;201;D
101987;93;31;145;C
143435;126;21;288;C
92309;94;24;181;D
85050;89;22;164;D
59391;86;32;211;C
101577;108;34;211;D
97229;93;13;188;B
67859;89;39;89;D
96020;94;30;199;A
123118;121;17;171;B
143643;131;9;125;B
69223;87;22;297;B
85173;100;39;233;D
87792;93;22;309;D
142589;137;13;233;B
99770;111;24;217;D
43479;64;14;132;D
82201;91;15;165;C
53388;54;17;177;D
76081;98;33;184;C
109815;114;11;172;D
79516;82;12;280;D
65757;74;40;248;A
138967;125;22;199;D
85723;80;22;181;A
127236;118;13;278;B
106581;104;15;264;A
127550;117;9;133;A
114958;120;28;192;C
121608;122;31;163;B
124443;124;21;188;A
99021;105;31;208;B
92149;103;23;174;C
89235;80;17;273;A
98186;75;7;199;C
94205;87;32;152;D
94433;97;10;120;C
66923;80;26;259;B
122033;116;18;171;B
77981;84;17;135;C
110688;106;11;209;A
112667;117;9;245;D
63725;76;16;185;A
107993;120;15;249;D
54451;57;25;181;B
89228;104;28;196;A
124262;130;19;248;A
96546;111;41;160;C
107856;118;13;175;D
90464;88;11;112;B
114475;105;22;190;D
94788;122;30;125;C
93777;73;11;216;B
102583;120;25;228;C
79293;71;24;210;A
91843;90;12;208;C
170784;152;29;289;B
104269;110;13;166;D
101771;98;18;246;B
115731;119;23;115;D
84523;95;39;256;C
115252;112;5;200;D
94438;93;8;171;B
58241;52;4;284;D
115131;109;10;189;B
103165;89;18;234;C
83537;88;11;233;D
101578;100;12;173;A
106396;126;34;210;D
116696;105;16;172;B
112859;116;21;94;B
103301;112;23;159;D
113821;102;3;83;B
129542;113;-9;191;B
83980;97;27;216;B
84555;75;2;205;C
85168;106;25;126;D
62760;54;22;256;C
102827;80;20;173;D
91976;98;18;122;A
86314;96;33;177;D
84826;91;17;240;B
137390;119;24;241;A
79080;78;19;225;A
40548;47;25;109;B
112221;115;16;293;A
116170;100;13;263;C
80962;97;35;175;C
86797;92;26;240;B
65051;66;6;117;A
81593;80;9;199;A
110944;110;20;276;D
103301;100;11;228;A
72140;71;17;274;C
95973;111;31;74;C
118196;115;15;197;A
102065;97;17;241;C
105163;99;21;183;D
140548;128;5;213;C
126369;107;13;198;A
116435;124;24;222;B
102607;99;15;197;D
127794;129;15;197;C
98593;98;12;184;A
117663;118;9;192;C
89631;93;21;208;C
76945;78;21;149;D
120138;120;23;180;C
133581;145;28;223;D
102670;93;15;176;D
133957;129;0;210;C
100518;95;25;328;D
126866;118;21;229;C
87408;80;17;126;B
104863;105;30;212;C
90336;84;6;240;C
76103;72;22;100;D
103611;113;24;203;A
121490;132;33;212;B
68122;84;44;313;B
60805;82;33;277;D
78985;78;20;129;D
68398;90;25;203;D
85432;113;37;190;C
126757;114;14;162;A
111531;108;17;232;B
125651;115;7;212;B
94468;90;7;125;C
104513;96;12;96;A
102671;113;5;198;D
94917;94;21;320;A
79533;80;34;139;D
77195;72;8;234;C
169501;153;-2;164;B
67873;66;23;146;A
111928;100;10;196;B
148158;138;6;280;C
105769;116;18;192;D
91366;96;28;206;B
104859;110;7;81;C
131430;135;15;178;D
98090;103;22;263;A
85578;88;22;162;C
145915;129;12;171;C
127973;137;16;159;D
75452;80;25;128;C
113059;114;28;191;B
106351;102;12;157;C
109369;114;11;222;D
105575;110;16;143;C
101580;99;11;151;A
96799;108;41;179;C
35331;75;50;235;C
83245;71;19;201;D
118188;114;6;251;C
105029;101;28;183;B
86024;97;15;162;C
66710;66;11;106;A
84414;88;9;233;A
99509;103;27;270;C
86773;90;6;191;B
128197;101;2;226;C
94550;107;15;166;B
94033;97;20;203;B
98377;108;27;258;B
69053;95;35;194;C
98440;93;21;153;D
100526;94;6;160;A
105911;112;23;110;B
111314;116;30;145;B
153145;146;12;151;C
81549;80;11;239;A
74211;85;19;162;D
111223;112;35;234;A
123709;132;24;245;B
103441;124;26;239;D
83791;90;6;199;C
81953;86;31;307;C
147927;133;10;223;C
134579;130;18;284;A
110814;104;13;258;C
132262;134;15;263;D
110357;99;11;145;C
67511;83;28;152;D
77369;98;16;201;D
93347;101;9;182;D
63987;68;48;209;D
109886;96;24;126;D
87769;91;23;218;D
108024;109;4;179;A
89934;89;26;163;D
108355;109;28;147;A
124203;110;20;171;D
97447;94;2;265;A
112913;99;31;221;A
146274;147;40;163;A
137244;130;19;197;B
130474;131;15;276;D
96990;101;20;137;B
80870;83;37;250;D
108038;111;10;215;B
84911;101;28;155;A
173173;171;2;122;D
82669;61;10;273;B
101426;95;2;119;A
133464;129;22;165;A
60570;58;10;196;D
104451;94;9;147;B
107275;106;11;235;C
107866;95;14;229;A
79112;81;18;176;C
79323;97;36;220;B
124919;126;32;247;C
90618;73;16;174;A
133015;128;27;201;D
121176;118;21;217;D
63758;75;15;145;D
55925;69;24;174;C
99828;100;21;226;D
92804;105;26;193;A
106005;123;16;122;C
114482;99;15;207;A
124470;108;15;241;D
120816;125;26;203;D
121751;123;24;260;B
104337;116;27;191;C
102253;106;13;165;B
93151;107;15;191;D
125734;124;7;258;C
140193;122;5;163;D
115787;98;26;234;A
127499;107;5;253;C
141395;133;15;331;B
133142;129;20;85;A
99595;80;8;162;A
132035;128;39;205;B
88816;98;21;163;C
83413;68;22;263;A
116648;125;23;279;A
96997;101;18;197;A
129508;119;4;174;B
145868;138;22;252;B
123068;121;5;108;C
79883;92;25;180;B
110758;97;18;204;C
94232;80;23;307;A
73076;83;10;123;C
103304;109;20;195;C
84554;94;15;143;D
101649;113;24;162;B
119519;116;17;205;C
109965;107;20;228;A
92580;92;15;185;A
84305;70;6;246;C
101792;102;19;187;A
86577;79;19;146;A
122214;112;20;243;A
115558;115;8;137;D
95225;106;29;169;D
75924;79;26;157;A
66800;84;17;175;A
97784;90;26;256;B
122306;102;5;283;B
167063;147;-3;198;A
66015;81;23;252;C
59440;56;35;246;D
108325;97;14;145;A
94038;83;20;197;A
48662;56;26;248;D
85661;82;29;193;C
99675;92;5;182;A
88672;77;20;113;C
100389;114;9;170;D
135685;118;17;253;A
101317;93;12;246;A
75215;70;18;204;D
109232;111;16;191;A
106989;82;7;164;C
97877;83;16;202;A
108460;102;28;169;D
81522;80;17;163;B
92210;94;8;157;A
86450;84;20;286;B
110550;107;5;167;A
87516;83;11;198;B
87808;83;17;233;B
82762;80;10;119;A
111549;100;16;191;C
115849;124;31;214;D
88583;82;1;140;C
106884;104;0;153;A
96744;86;20;265;B
83978;78;16;333;C
138482;121;18;231;C
74718;88;24;117;B
132075;132;30;217;A
80437;86;16;200;C
110698;113;29;160;B
127135;122;36;201;C
161779;142;9;264;C
74126;83;31;153;A
104821;101;37;190;B
94329;118;28;183;D
97893;89;28;199;B
119882;111;9;65;C
86512;91;21;229;C
73264;77;23;208;B
51318;55;17;194;D
100027;110;11;189;C
93490;93;22;183;A
137874;134;11;186;C
74768;77;32;246;B
83852;90;36;171;C
104570;116;21;189;D
99575;94;4;162;A
93304;109;29;193;C
138585;127;11;117;D
158842;143;30;350;B
85921;101;37;139;C
75798;83;23;216;B
70204;78;25;286;D
105001;89;19;243;A
87543;91;15;206;D
57153;75;11;184;A
129051;111;18;186;A
133347;128;33;183;A
81921;91;27;116;D
72206;79;17;187;A
68370;74;9;158;A
115766;115;16;103;B
111109;100;11;183;A
67678;61;26;151;A
108595;97;6;151;D
97240;100;21;180;B
78992;83;31;115;A
68276;75;25;136;B
98144;90;17;159;B
70887;85;30;159;C
66491;86;41;253;D
44115;53;19;144;C
91774;97;11;152;D
115038;118;16;205;B
107140;123;31;206;D
141467;141;36;252;D
119699;105;17;200;B
100565;78;16;193;B
107461;110;16;233;D
145704;121;6;175;B
129394;137;22;281;B
123901;116;27;157;D
129422;128;19;160;A
104946;108;31;155;B
73624;74;24;198;A
85904;82;23;232;C
146222;137;26;197;C
114655;114;23;139;A
91423;86;12;231;D
77771;85;35;282;B
92951;81;12;226;A
100931;102;6;140;B
104553;94;14;246;A
62848;81;21;127;C
145490;124;9;198;B
90003;100;30;178;A
99100;115;22;238;D
93617;92;9;231;A
75655;103;39;158;B
130289;120;20;89;A
118766;113;8;235;D
126635;118;21;174;A
57465;63;38;176;B
107677;103;11;177;C
104615;96;5;281;B
78763;86;14;141;D
78924;88;24;158;B
125414;133;17;176;A
104933;108;23;142;D
112287;97;13;196;D
114688;118;24;182;A
87651;89;24;175;B
112849;102;18;221;B
113965;128;22;234;D
94746;93;22;189;A
82072;84;24;200;A
73181;89;33;145;D
81974;78;31;216;A
100310;105;40;187;D
97724;106;41;184;C
113588;117;17;169;C
131600;136;21;213;C
146922;128;9;253;A
80883;74;2;226;B
137842;139;30;188;A
89730;102;23;221;C
65868;92;53;184;C
120277;137;20;201;C
102171;108;17;261;D
117054;134;28;102;D
104816;99;4;219;B
108574;85;11;217;B
63603;60;30;220;C
126884;122;22;131;A
82143;82;23;281;A
117425;117;21;295;B
103410;102;7;164;C
126962;109;2;202;B
123348;125;3;179;D
94965;90;27;191;A
77117;90;19;184;D
79588;95;19;253;D
122953;121;29;267;B
103864;90;31;165;B
93708;96;6;261;D
114640;115;24;211;D
87710;115;36;179;D
107179;115;36;202;A
86415;100;20;228;C
97438;115;29;201;B
118153;105;27;328;B
89861;87;37;213;A
98568;136;37;128;D
83591;62;10;174;A
115156;116;12;182;C
96659;106;40;167;A
104568;100;24;154;A
69421;87;15;202;C
94890;94;25;252;D
140518;136;16;66;B
100355;98;26;227;A
92083;92;13;246;B
98274;82;25;233;B
79102;90;34;161;D
77442;98;24;127;D
83499;72;22;277;A
134927;122;1;251;B
95595;101;17;91;D
115575;129;20;121;C
112416;119;25;147;D
124269;128;16;129;A
89016;73;19;299;A
119963;111;23;270;A
102167;92;13;218;D
104870;99;21;213;A
110328;88;20;187;C
120855;104;6;161;B
122831;101;14;201;B
66666;57;17;313;C
104709;117;17;132;B
106246;103;7;262;D
89100;80;27;263;B
68881;77;31;193;D
88524;86;18;225;D
64621;68;8;174;D
107987;102;25;124;B
139884;130;25;251;A
107530;103;9;220;A
99286;110;18;235;D
63124;70;23;282;C
64905;69;7;187;B
83608;82;19;224;A
117591;114;3;221;A
82567;82;18;235;C
106106;111;16;212;A
107807;95;20;207;B
104633;107;27;153;D
69886;79;16;145;A
72559;81;38;258;D
114613;97;12;157;D
109270;95;28;211;D
68526;64;21;148;B
114338;110;25;220;A
57101;61;36;308;C
107074;91;9;126;C
102147;101;30;240;C
84007;85;6;151;A
66822;71;24;268;C
86721;92;4;191;C
97226;97;11;118;D
84874;81;13;152;A
101896;72;-1;189;D
63898;76;16;203;B
97332;89;6;194;A
113210;90;-21;118;A
101071;128;18;165;D
67291;74;26;183;A
124598;107;8;250;D
80081;91;13;99;C
108844;101;21;155;B
90618;86;17;127;C
135785;116;15;278;C
49794;65;32;154;C
101387;103;33;324;C
98416;100;18;252;A
147725;121;25;294;B
99885;95;17;117;A
107987;109;21;190;C
115879;107;13;319;B
91571;87;10;228;D
75467;98;35;174;A
95467;97;32;166;A
133570;122;25;230;B
119016;104;-3;120;A
102336;105;14;245;D
152039;146;7;120;B
109827;108;26;168;B
116417;107;25;183;C
93037;110;13;213;D
120081;130;30;253;A
119979;119;28;250;A
98805;106;10;184;C
86437;87;19;118;A
98165;107;19;289;C
99751;102;14;122;A
61167;63;12;254;A
52796;69;23;175;A
60300;64;33;188;A
119211;128;23;311;C
129748;112;28;206;A
60923;52;10;222;A
127683;109;10;282;A
91559;101;24;169;C
109837;94;11;192;C
99858;85;21;253;A
84835;74;9;222;B
98754;117;16;158;C
81035;88;8;166;B
100406;97;18;164;A
117926;111;14;229;B
100840;110;30;182;D
101364;92;24;255;D
100953;89;20;233;C
96003;105;11;150;C
65532;76;24;218;D
110321;106;23;188;A
109468;103;13;190;B
73440;105;34;202;D
84756;94;25;237;A
63830;65;29;212;C
76063;59;14;177;A
76667;74;29;197;A
83416;107;19;176;B
84333;96;17;68;D
78507;85;11;212;B
81224;84;-3;166;C
111592;111;10;100;B
64648;67;17;288;B
98460;114;30;239;D
119547;108;23;178;B
97975;82;21;134;B
85064;98;21;102;C
127759;117;22;286;D
135189;127;21;251;C
138852;129;10;212;B
85406;107;33;233;C
92031;95;16;173;B
86622;109;35;214;A
106714;94;7;202;A
82096;79;14;185;B
118163;116;8;238;C
121492;113;19;158;B
117458;125;19;192;A
127616;133;25;174;C
128393;129;25;106;B
101530;115;20;219;C
93006;99;34;279;B
91352;98;26;249;A
89766;91;8;261;A
70547;84;21;164;D
93546;92;28;193;D
99589;112;16;237;A
110482;107;8;180;B
64154;75;33;221;D
109961;123;16;97;A
122970;125;14;184;D
118243;129;18;220;D
65983;75;16;321;C
95458;91;27;181;B
88094;91;24;223;C
78893;90;32;241;D
83023;88;18;88;A
70648;88;21;166;C
67562;80;14;266;D
97159;88;26;165;A
107603;93;8;219;A
96255;103;19;223;D
119397;112;23;165;C
119817;119;27;267;C
88408;83;13;201;A
97697;100;16;137;D
153755;146;14;148;D
80779;90;26;265;D
124453;114;27;233;D
89938;86;16;247;A
122950;121;13;196;D
127108;110;17;284;A
94099;81;3;222;D
135358;120;4;211;A
124972;122;7;255;A
113886;117;30;164;B
26439;44;27;210;B
124389;102;11;251;B
138751;130;26;281;B
99364;96;17;266;A
81036;86;24;158;C
91786;96;32;166;C
30085;52;22;181;D
83217;77;27;196;B
83691;98;27;188;D
115341;116;32;253;D
101231;104;29;215;C
100072;112;30;210;D
58686;79;14;147;A
139840;129;17;196;B
114317;123;26;170;A
106615;112;18;113;B
94374;96;28;217;D
117358;117;17;173;A
70443;87;26;303;B
92868;82;3;174;B
56682;55;15;223;B
90925;103;22;273;D
52295;53;43;231;B
85716;99;14;162;C
82031;108;25;119;C
108878;115;33;237;A
131644;120;12;160;B
116150;112;4;175;A
79921;82;15;200;A
98160;117;25;191;A
114935;101;10;256;A
49935;62;12;152;C
96871;97;27;212;C
68319;64;19;252;C
47806;78;32;222;C
84735;87;1;185;B
76335;88;20;175;D
97642;118;20;191;C
81400;98;27;157;A
83150;81;33;318;B
87833;87;28;169;A
102191;88;14;181;B
103711;103;23;206;C
105150;110;40;92;B
94291;91;15;218;A
97582;93;13;256;B
106088;110;24;322;C
66134;82;44;115;A
120936;96;1;251;A
116383;97;8;207;C
104827;84;16;282;B
82513;86;11;193;D
86181;93;31;283;D
89041;82;16;67;C
87435;98;37;153;B
80073;74;6;251;A
110570;107;19;249;B
83207;90;18;180;C
93631;115;32;187;C
106055;108;10;194;D
103823;89;16;281;B
112687;93;25;133;A
102883;112;15;196;B
120989;114;29;189;C
108014;109;23;283;B
100046;106;25;206;A
59398;64;20;202;C
96479;102;28;171;B
72664;71;39;118;A
86937;101;21;203;D
73709;86;16;167;A
101723;97;20;119;A
76928;76;22;197;C
104696;96;19;178;A
107770;130;38;198;B
148670;136;21;212;C
26220;50;21;218;C
41796;66;39;183;C
66306;71;18;253;A
57856;74;22;315;B
141118;141;29;160;D
101770;120;20;205;C
104795;97;17;267;A
122959;119;15;257;D
135336;145;12;242;B
105558;112;30;132;C
143977;135;8;192;C
74920;77;21;161;C
70976;78;16;87;C
102650;121;5;85;C
134848;117;18;255;C
116442;117;30;280;D
108666;109;24;180;B
88978;90;12;99;A
114584;118;26;269;D
119711;136;24;150;D
115191;124;21;207;C
70980;72;22;251;C
125808;109;14;193;C
112375;100;13;279;A
101919;101;1;155;D
96470;96;12;136;D
65611;74;21;233;A
95427;106;20;154;D
127356;127;24;233;B
144299;132;6;190;D
115152;109;16;219;B
86436;85;20;93;C
93506;88;12;224;C
68886;87;30;155;D
114916;112;7;133;D
89404;95;25;215;B
157999;158;13;226;B
89762;94;22;224;C
105025;102;33;170;D
77580;95;22;196;B
100792;87;20;236;A
102422;116;37;165;B
114547;89;16;295;A
97612;100;16;229;B
101012;94;18;234;A
46586;43;19;157;D
104404;113;26;100;A
110148;103;12;206;C
86065;82;27;214;C
142835;127;14;252;B
96369;74;-1;226;C
57427;64;20;201;D
98707;86;15;179;A
59623;76;23;176;C
102653;115;34;228;C
105841;101;10;159;B
110243;92;1;209;A
122127;100;4;255;A
98957;80;-8;152;A
100905;103;0;217;D
95072;103;27;253;A
91469;98;27;105;D
84023;99;14;143;D
79221;77;14;287;A
126885;118;16;283;C
68665;70;29;227;D
140794;144;25;195;A
146591;132;23;274;A
116596;110;15;209;C
61896;72;15;185;D
100364;108;5;184;B
89636;66;-12;193;C
99995;94;21;298;D
143231;115;3;168;C
119529;116;13;255;A
108409;100;19;249;B
111604;95;24;108;C
97869;105;23;230;D
82077;68;14;274;A
76447;92;13;209;B
124287;136;28;232;C
63519;65;28;97;A
134660;132;10;196;B
129495;110;10;229;A
96384;92;19;195;B
132402;144;35;176;A
88675;99;21;122;A
140077;137;13;209;A
112617;100;8;244;D
112214;111;21;192;C
98526;88;22;272;B
94846;81;-1;165;A
29018;59;27;195;C
90153;87;22;124;C
103545;114;29;202;D
75151;77;18;212;C
93801;76;14;192;C
83520;91;21;149;C
84486;103;9;188;A
81718;90;31;177;B
111973;124;6;160;B
90822;105;22;203;A
85559;99;23;180;D
78367;77;16;150;D
80680;81;23;250;D
114934;109;12;188;D
99779;93;36;233;A
108073;122;32;167;C
67445;67;14;168;A
101055;106;32;124;A
102564;89;21;231;A
137433;129;-5;234;A
103509;108;27;155;B
83719;79;23;298;D
81889;73;8;142;B
103842;104;17;174;B
93608;93;33;241;D
102756;98;19;179;B
93245;96;27;168;B
106746;113;26;314;A
89409;78;9;271;D
164176;169;23;272;B
128313;105;24;332;A
85401;89;24;242;A
110610;97;5;247;C
115754;110;16;124;C
128276;112;-4;153;C
66592;64;25;207;B
80773;58;23;134;B
92570;98;30;156;B
126319;116;20;123;A
89329;103;19;217;D
128200;120;17;243;C
108255;108;9;85;D
110574;108;16;229;D
137115;133;9;282;B
63041;78;45;220;C
79441;84;19;208;B
128149;107;13;138;C
103679;105;20;162;B
50529;56;39;167;A
104324;110;28;189;A
62064;74;51;197;D
82662;75;8;170;D
129674;134;23;227;C
118502;123;16;168;B
70055;85;22;203;C
146531;133;25;199;B
78819;89;26;116;A
125841;120;14;218;C
116083;127;13;212;D
124093;126;16;135;B
105111;125;21;205;C
89308;94;17;256;C
80305;89;50;245;B
132230;125;28;246;D
90961;98;9;199;C
105640;86;-1;207;D
71957;79;36;297;D
126568;126;14;169;C
101344;115;36;159;C
128347;129;14;226;C
96326;87;14;224;C
99758;105;20;184;B
69193;78;20;143;A
126051;101;5;193;B
93895;83;21;278;C
100221;107;24;252;C
95099;99;25;211;A
124182;128;21;176;C
114186;106;9;148;C
86988;91;29;199;D
57396;65;14;202;D
125429;90;7;232;C
104399;88;11;270;D
119812;122;11;231;A
112900;109;27;222;B
81623;88;42;242;D
112092;104;24;134;D
104829;102;19;330;B
97836;106;24;153;A
95801;94;11;170;A
138339;123;14;276;D
119753;126;23;159;A
87683;76;13;100;B
120628;119;14;180;A
76388;85;9;211;A
107085;104;27;250;A
100567;120;29;121;D
98668;109;30;211;C
91851;99;26;251;D
82075;101;31;179;B
146436;145;42;193;D
129554;128;18;182;C
104016;100;17;163;A
106518;93;13;141;B
108650;136;41;204;C
114928;101;23;228;B
112947;108;7;183;C
110231;126;22;254;C
102642;87;16;206;B
98054;91;21;151;B
96402;92;13;281;B
93809;103;18;146;B
47002;51;29;208;D
98759;91;5;154;A
100942;114;6;216;C
103961;106;18;184;C
113064;107;7;150;A
79002;68;19;170;C
98726;104;42;316;C
88916;97;15;218;D
88492;100;14;154;D
128949;117;-7;178;B
113784;128;24;166;C
90838;94;4;177;A
86675;88;19;148;A
115650;95;22;237;A
138408;115;0;234;A
89977;97;38;243;D
114584;91;9;334;A
70844;98;28;168;B
129770;127;12;125;B
76536;81;5;241;C
97401;93;10;234;B
67432;78;19;204;A
156242;144;17;194;B
95663;90;21;160;A
100628;118;29;201;D
116335;100;8;181;D
96236;96;3;330;D
89585;92;15;253;B
93637;83;4;228;D
124794;126;17;246;B
117751;112;23;120;A
98501;100;12;176;D
78745;78;12;253;B
104004;90;-2;211;C
122580;119;19;158;D
92931;80;15;266;C
81446;88;26;155;A
129715;115;21;313;B
98108;107;35;194;A
96113;87;-2;38;D
142887;133;28;218;A
76838;76;15;180;B
137979;128;8;191;D
117838;116;14;230;B
74347;58;17;239;B
94960;106;12;282;A
120658;116;23;197;B
70361;84;1;87;B
102869;99;20;303;A
79279;67;23;166;C
61100;81;41;184;C
87343;102;28;137;D
83279;105;4;261;C
99054;98;6;186;A
87340;84;17;146;C
116874;111;23;152;A
114183;126;28;245;B
63649;87;28;206;B
104619;101;17;224;A
75079;89;38;201;D
105425;98;11;217;A
104289;103;20;202;D
81924;97;18;82;D
109316;92;9;169;A
80821;90;17;208;D
108812;100;30;234;C
103159;95;29;241;A
91378;89;7;201;A
97957;107;22;165;A
108572;108;24;308;C
96619;103;32;189;D
87073;77;12;222;C
103581;108;23;188;B
96313;108;20;243;D
83796;94;5;243;A
106498;111;17;145;D
101605;125;19;202;D
103648;106;23;210;B
108463;115;41;163;D
138928;125;33;182;D
128843;133;28;161;A
101998;90;15;150;D
107398;91;18;197;D
84608;93;19;258;D
122198;122;24;157;B
100799;111;9;159;C
99378;119;24;311;D
118300;106;9;163;A
101869;94;42;213;A
75606;70;17;142;A
74986;65;15;248;B
126820;140;20;217;A
118401;100;9;237;A
117505;111;19;186;C
117722;113;11;70;D
145917;128;10;227;D
126353;112;19;279;A
102889;100;22;187;C
127722;114;19;236;C
113025;106;7;148;B
100860;87;12;243;B
115121;119;14;162;C
91242;103;28;173;D
106582;99;16;167;D
79323;81;22;218;D
140601;122;14;201;A
88513;92;30;190;C
107191;98;9;127;A
89700;99;29;185;B
106611;98;23;216;A
134492;111;16;270;A
119195;118;22;253;C
110843;110;24;225;B
74850;70;20;222;D
46671;51;9;191;A
83259;92;10;156;B
119267;96;14;215;A
88070;97;7;159;B
68897;72;20;193;B
93506;86;8;288;D
67966;63;11;139;C
165075;152;7;160;A
117579;110;23;224;A
112113;99;14;240;A
73189;62;19;142;C
109296;94;19;238;D
107982;116;19;216;B
126619;115;11;232;A
112983;109;32;226;B
133113;128;10;249;A
69395;63;15;157;C
76217;77;10;272;B
122222;99;8;232;D
96768;102;15;243;C
102296;89;20;242;C
144875;123;-4;204;C
72991;59;16;186;C
52094;79;34;246;D
134022;132;17;174;B
133035;117;7;201;D
61147;69;22;223;C
120975;116;0;178;D
113647;107;14;297;C
96822;73;13;180;B
111678;107;1;281;D
121165;117;21;225;B
76680;80;24;198;A
93652;110;30;116;B
60641;75;35;133;C
129043;110;14;245;A
75307;80;27;211;C
95971;92;14;76;A
78883;79;23;183;B
122325;113;11;175;B
107407;97;19;138;C
113082;109;32;207;D
103910;112;22;179;B
97449;99;15;153;B
108216;98;-2;276;D
110849;107;21;211;C
102709;111;39;96;D
108593;99;10;251;A
115456;108;16;182;A
129681;116;29;239;C
113516;113;36;218;A
122857;126;12;164;C
61895;62;14;245;D
129085;106;2;191;D
94325;103;22;147;B
92520;84;33;179;A
60689;84;19;192;D
116429;110;29;207;C
83916;92;21;150;C
98497;94;23;237;D
105762;110;30;199;C
130747;122;26;192;A
157744;141;1;123;B
129182;115;32;192;A
139194;140;20;215;B
123264;125;43;171;D
84939;106;45;128;D
117352;105;11;236;A
138899;138;39;183;B
78684;79;22;182;B
116819;101;16;198;C
96730;103;21;167;D
49839;53;25;254;B
75400;92;19;155;C
122831;106;11;199;A
20786;43;23;110;D
97500;107;9;107;D
95192;94;19;239;D
98425;108;32;256;C
108582;114;8;243;D
145888;128;19;230;A
71683;66;27;145;D
85311;100;21;238;D
80659;87;16;143;A
113336;100;11;285;D
106229;97;19;279;A
63033;76;34;217;D
76851;63;16;235;A
155530;142;16;183;B
81891;73;23;259;D
96695;105;22;176;C
68787;77;37;122;A
108415;130;38;176;D
67577;64;8;233;B
69026;82;26;237;C
58236;75;25;147;D
106749;101;20;265;B
88479;90;22;204;A
126936;147;29;192;A
79909;99;28;263;D
135520;126;9;314;A
124016;116;31;230;D
108619;113;35;116;B
104811;110;25;238;A
118386;105;-7;169;A
61944;85;34;210;D
81123;93;5;142;A
96662;109;35;230;C
45557;50;19;250;B
57064;62;11;211;B
113194;91;3;291;B
37787;62;29;112;C
86080;102;16;208;A
100465;109;18;180;B
108517;117;21;304;D
120665;122;17;196;D
130506;111;8;218;C
135587;110;-4;189;B
126020;104;28;119;B
113506;100;29;227;C
81499;83;17;165;D
145872;144;13;176;C
81408;84;30;301;C
136927;133;12;159;D
115175;118;25;217;A
149721;140;6;193;A
95498;114;29;202;A
109122;91;22;292;A
77553;93;19;190;C
78345;72;17;193;D
126077;120;31;288;A
69638;100;31;260;D
104564;98;32;214;A
94795;101;43;218;C
98375;87;13;235;D
88394;91;10;239;A
115257;115;40;269;C
108853;126;21;178;C
99091;101;32;203;B
93593;104;22;128;C
109901;104;6;264;D
94822;103;30;225;A
82802;95;25;66;D
124383;111;8;238;C
138848;114;15;246;A
94651;104;16;225;C
99802;111;20;252;C
87883;88;14;213;B
110410;103;14;187;A
115908;112;22;172;A
99940;97;20;117;A
76903;97;-3;210;C
101588;90;11;155;C
115889;111;16;185;A
110492;105;25;145;A
152863;153;25;293;B
116507;97;15;137;C
111798;102;11;287;C
45107;79;15;205;C
93321;117;18;245;D
81520;93;17;168;D
74273;102;18;196;C
116763;118;18;171;C
128874;130;-4;107;D
88992;95;34;255;A
95726;92;7;294;A
93719;104;7;145;B
134873;124;17;214;A
102995;102;26;163;A
99710;103;16;184;D
115329;115;26;180;A
107586;114;15;216;B
124201;121;18;203;B
74568;60;11;208;D
67271;76;15;192;B
75136;76;1;226;A
119969;107;16;202;B
73183;72;0;214;C
81898;95;21;314;B
100504;108;48;192;D
147578;138;0;181;D
83274;95;6;193;D
91772;99;17;148;D
139723;104;11;268;A
85278;88;22;199;A
27967;36;37;222;C
125914;130;33;198;A
84660;93;13;182;B
86981;85;31;176;D
77482;105;28;172;C
95041;87;25;300;A
126563;118;11;149;B
91304;90;28;245;A
119403;117;26;193;D
103165;95;33;127;D
94795;80;11;226;B
108325;114;19;200;D
138758;148;12;153;D
93925;80;2;200;D
66446;91;16;219;C
76904;76;24;253;B
127687;131;23;139;C
96921;102;4;205;A
61220;53;32;169;A
57739;56;29;164;B
130608;118;12;198;C
94016;105;25;256;A
68730;60;2;160;D
94890;75;10;186;A
93991;107;28;224;C
88685;100;15;149;D
65757;62;12;164;C
106615;115;21;230;C
93467;91;10;163;B
143729;124;3;215;B
106671;109;21;164;B
133548;123;17;248;A
69547;60;18;226;C
107215;114;27;251;C
134532;121;16;191;A
117473;110;17;257;B
88527;77;5;192;A
107886;99;1;234;B
74039;61;15;200;C
114635;88;6;258;B
78809;85;20;265;A
92736;106;16;180;D
136869;143;32;152;C
91585;106;15;146;D
93708;91;16;163;A
135389;118;14;116;A
136777;115;17;269;B
96353;104;16;178;C
74214;86;26;140;C
105556;111;6;119;B
115763;113;22;223;B
93302;105;17;141;D
135752;138;38;209;A
137918;146;4;149;A
81203;80;7;169;D
106145;108;18;210;D
90379;75;28;289;A
66704;89;24;197;B
98163;91;13;216;D
104901;97;20;175;A
136067;135;0;72;D
81707;83;23;236;C
111944;110;32;246;B
115578;115;20;247;B
113241;104;15;164;B
99530;111;7;145;D
83768;86;13;220;A
90638;90;33;103;B
88735;86;16;106;D
43975;56;13;167;B
96770;112;33;201;A
96376;91;2;113;A
90548;96;16;174;A
102554;113;20;151;C
98947;100;13;197;B
90557;97;13;108;B
84712;89;23;261;B
126436;132;26;181;B
114723;102;21;240;B
106885;102;19;197;D
111827;119;11;88;C
109514;107;26;178;C
92565;82;10;271;B
70451;91;18;238;B
91445;84;24;207;D
80328;66;9;234;B
92603;96;22;74;C
114352;111;17;197;C
105604;89;28;295;C
98144;108;35;167;A
124475;115;6;233;A
72703;97;27;164;B
86379;90;20;244;A
75886;85;20;182;C
99917;94;30;197;A
125446;131;25;169;C
111056;101;19;227;C
81839;90;17;258;C
104426;90;16;246;C
97023;101;19;99;A
102660;102;12;194;C
119089;126;32;124;C
89484;91;25;223;C
105547;119;26;225;D
94320;87;21;229;A
87573;104;22;200;C
88224;93;21;249;B
104814;120;32;38;D
114600;127;16;184;A
125059;130;9;183;B
111214;113;26;243;A
82919;89;28;219;D
106324;97;6;269;C
93055;106;28;150;A
59295;58;15;142;A
109514;128;18;178;D
90884;78;26;236;A
80101;90;19;254;B
129015;126;35;234;C
98444;108;30;197;A
119775;109;5;168;A
103452;85;22;262;C
82329;67;21;212;D
104546;84;14;219;D
88640;110;40;210;C
129432;114;-5;187;B
98521;100;10;208;C
101191;92;28;297;A
116694;107;8;142;B
97425;87;7;171;A
117997;110;10;157;D
100463;77;15;231;A
142947;137;12;143;C
42561;45;23;182;C
127188;128;3;246;A
65835;86;40;212;D
118063;125;23;198;C
70379;70;20;285;B
96686;93;7;102;C
107306;104;27;195;A
60990;79;20;149;C
100891;89;15;245;B
109367;109;18;192;B
101634;110;13;220;C
81286;75;6;191;D
76659;79;24;245;D
84482;104;37;200;A
130767;128;24;91;A
110768;114;12;186;B
83263;69;-2;116;A
68274;85;29;148;C
78801;63;7;158;A
107799;115;22;182;D
68578;82;24;203;B
92210;99;23;188;C
96648;112;25;142;B
96063;97;26;263;C
75678;83;8;175;D
108079;102;6;204;A
74335;73;0;198;B
147858;147;18;225;B
40892;50;30;113;C
131449;144;30;260;C
112651;111;12;176;D
82584;88;17;220;A
111201;105;3;168;B
99902;99;2;222;B
148986;145;9;208;A
149743;144;26;191;D
126262;115;16;195;A
87751;94;32;161;B
107977;103;23;162;B
70874;84;40;206;A
84716;80;7;204;C
116491;93;4;178;A
126817;130;26;182;A
112501;90;15;125;B
105750;105;8;193;C
144515;125;4;289;A
118416;108;11;284;D
95260;110;19;301;A
77687;86;28;234;A
104535;102;25;289;D
64687;80;19;190;A
67971;84;20;210;C
73935;76;16;169;C
89908;91;19;239;D
95175;106;28;140;B
110386;97;10;276;C
78901;80;7;231;D
86986;80;11;212;D
74191;73;17;246;A
109667;108;19;154;B
113388;105;25;217;C
81682;71;8;147;B
67718;66;17;186;B
126319;98;11;256;D
101660;90;9;227;C
69076;75;39;231;C
140043;120;14;242;A
106900;98;26;131;A
96005;99;4;204;D
109936;112;28;236;D
122982;108;2;294;B
83879;93;40;126;C
77469;77;16;250;C
118612;123;20;98;B
59563;65;32;139;C
132973;127;30;315;B
112014;89;9;253;A
144431;141;12;183;C
92105;95;28;167;D
98898;88;13;237;D
83584;100;14;227;D
129424;126;16;241;A
64792;63;-6;276;D
94432;93;28;254;A
119147;105;22;144;D
111735;102;22;213;D
88413;102;31;197;D
89462;93;4;170;B
72348;77;32;255;B
160404;157;25;169;C
55463;70;39;193;B
111217;119;25;147;B
84158;77;9;244;B
65603;60;1;188;D
108840;103;12;135;A
151082;142;19;282;C
127369;112;8;236;A
78720;67;7;203;C
101960;86;29;199;A
58850;84;22;205;A
67718;77;20;153;B
119446;120;14;209;B
138162;149;26;148;B
73560;70;46;183;B
139871;116;-11;248;B
67722;78;16;169;C
118815;121;26;173;B
96614;104;19;271;C
77857;94;23;131;B
112086;114;6;185;C
138111;144;17;199;C
145463;128;4;248;A
97351;96;18;152;B
119500;115;17;237;A
73920;78;22;168;C
96901;108;29;194;C
107940;119;11;165;D
86752;109;35;207;C
62502;88;37;251;D
107194;99;10;139;A
85362;88;11;229;A
139287;108;16;287;A
102083;93;16;234;A
99116;95;33;124;B
81075;87;36;182;C
112911;121;28;213;C
114435;106;7;62;B
85820;80;18;182;C
89116;105;14;251;C
67396;89;44;204;C
97501;102;21;171;C
128239;137;32;219;C
93335;79;10;219;C
95339;104;35;158;A
63455;71;30;134;A
90145;112;21;236;D
82865;71;24;290;B
55869;65;9;175;B
98853;111;14;100;C
77716;84;18;254;D
66606;60;28;203;A
50165;73;26;212;D
122650;121;23;172;B
108729;103;8;195;D
107921;104;14;285;A
121689;117;9;298;B
109499;103;16;258;B
48765;36;6;383;B
112963;100;8;328;C
85220;72;17;226;B
90998;81;-3;174;B
65193;67;17;184;D
97691;107;14;137;C
139408;145;19;234;D
133411;109;-2;234;C
135466;138;24;197;D
88369;95;33;227;B
88221;89;2;186;C
115406;115;5;135;C
76761;74;36;203;B
75615;73;21;113;C
41567;40;15;171;B
56279;55;31;187;A
77642;91;6;134;D
86456;102;31;233;D
87282;93;5;225;D
53805;61;37;172;B
88432;76;15;285;B
102933;84;24;167;A
105706;117;39;175;B
119097;106;17;188;C
102030;83;21;203;D
88873;67;-3;167;D
106942;96;17;225;A
54728;64;26;103;D
97145;86;26;177;B
102879;93;13;146;B
120812;124;8;193;D
125884;117;19;191;A
86007;104;39;205;B
95888;95;24;220;B
90886;90;12;271;C
112170;112;33;187;A
74931;72;29;114;B
75204;92;18;164;A
119464;124;14;256;B
85831;83;11;154;B
77060;69;25;245;D
77861;100;31;182;A
113625;105;17;249;B
142016;134;0;214;A
80459;81;23;191;A
98990;89;23;197;C
133424;124;1;136;B
92716;94;39;140;C
90826;106;9;175;B
132001;109;1;122;D
138598;125;2;200;D
127073;118;10;219;A
87919;99;9;151;B
51548;74;27;191;D
77193;98;24;258;C
130839;114;12;174;A
149780;125;11;191;A
119808;113;2;257;A
66572;69;21;137;B
107999;102;9;103;A
85906;77;27;300;C
114694;90;13;255;C
62738;78;28;162;C
120878;134;7;57;B
103263;96;9;198;A
131619;137;17;303;C
63348;65;26;210;B
83216;84;25;224;A
102318;115;14;259;D
93690;89;10;154;C
139961;139;26;271;B
89087;86;19;207;A
59861;56;26;220;B
100833;98;39;258;D
87631;92;21;194;D
94484;97;33;222;D
97950;83;8;215;B
79431;86;19;109;A
76735;84;17;194;C
95736;91;4;291;C
58900;77;24;251;B
128987;122;8;199;A
101828;82;24;313;B
116425;125;12;206;B
65480;70;14;192;C
122475;116;16;134;A
94165;87;5;364;C
99191;102;30;161;B
102826;115;14;128;C
88309;81;28;270;C
121212;104;18;204;C
96975;99;18;236;A
77487;77;8;222;C
111952;111;25;213;B
54301;53;20;239;D
128528;130;15;191;C
111522;123;27;154;B
96474;95;23;204;D
78072;91;20;243;B
96170;106;20;202;D
68336;90;31;49;C
110392;96;18;194;C
90255;104;40;174;A
104771;98;24;229;D
139847;134;17;234;D
87358;93;31;242;D
92317;82;5;233;A
72011;77;32;127;D
115659;88;0;310;B
73364;80;29;262;D
96422;118;32;235;C
97824;104;3;109;A
101706;97;16;161;B
84172;100;9;188;B
70676;81;20;143;A
148635;147;12;137;D
113915;116;14;164;B
125015;115;10;212;B
97386;103;30;246;C
109662;103;28;215;A
111028;113;25;283;A
88484;108;22;206;C
125664;115;23;172;A
79076;91;16;227;D
122372;125;43;250;C
66505;70;21;92;A
121037;136;26;150;D
101450;98;27;166;C
106038;104;28;251;D
102060;98;33;200;A
103065;83;17;163;B
86532;90;1;191;D
140160;130;42;269;B
138370;141;16;100;B
65227;78;17;233;C
95152;107;35;168;B
86783;89;24;210;C
103782;101;7;229;C
96342;106;22;348;D
98504;89;4;173;A
110493;105;17;136;A
137269;133;-2;125;D
79125;78;24;233;A
78340;92;4;133;D
117011;105;7;196;A
106129;107;1;180;B
108442;101;26;246;B
126663;106;8;334;D
117622;96;4;119;C
101103;103;-6;106;B
99139;98;33;192;A
121873;118;15;225;D
135344;114;8;242;A
99852;99;12;169;B
152569;126;2;207;D
89440;103;34;236;D
110297;111;15;140;B
108700;104;14;156;B
75190;87;27;187;B
111774;114;29;194;B
54228;62;27;297;C
77382;80;11;192;B
103267;112;4;139;A
116303;124;12;145;A
73928;69;18;238;B
112756;123;16;252;A
80114;73;29;223;B
71665;88;26;200;C
50380;73;15;104;D
80573;96;24;204;D
112216;100;19;169;A
119831;108;20;225;D
84402;91;22;186;A
92996;99;36;202;C
114010;106;18;209;D
75243;80;13;225;A
109155;85;5;182;A
139565;127;19;222;D
33624;40;38;204;C
116614;119;23;149;D
139433;121;17;229;A
115635;127;31;183;B
92161;91;4;237;B
122244;116;6;228;C
87016;104;35;202;B
82360;87;18;177;A
94633;111;30;205;C
113944;107;19;124;A
77711;92;29;172;B
81723;90;45;218;B
73500;94;32;229;D
102109;110;8;226;C
88883;98;15;208;C
72638;72;11;189;C
107516;106;12;124;D
81981;92;29;218;C
123708;115;23;220;A
71803;75;35;217;B
54312;61;30;140;D
86961;90;14;188;A
85195;87;24;141;A
97924;113;35;161;D
73246;62;21;218;C
76869;78;16;109;B
111081;97;9;219;A
66603;85;29;110;C
94712;96;32;186;B
64153;76;18;181;D
92510;83;24;121;B
73747;81;26;247;A
58386;65;10;165;B
107806;107;35;231;B
79122;89;5;194;C
85653;88;24;246;B
126483;122;25;271;C
107349;113;24;190;D
87303;86;21;242;D
131772;117;20;300;A
105326;92;12;250;B
95439;91;16;222;D
128613;103;18;224;C
122053;102;-4;172;A
92576;97;23;148;A
101680;94;22;160;D
109227;108;13;176;A
100829;119;32;164;B
98632;92;5;212;B
120465;129;18;181;C
70776;83;33;143;B
136553;140;30;167;B
110348;116;46;192;D
98357;92;29;179;A
49278;57;20;133;C
83150;92;10;70;A
79367;93;36;201;C
131386;128;9;264;B
108544;107;19;318;D
56176;63;22;101;C
97133;105;20;153;A
54829;81;21;246;D
65604;65;24;205;B
116692;118;21;187;A
101383;112;14;232;B
86563;91;4;242;A
129772;128;19;220;A
100701;93;24;140;D
84002;66;21;284;B
107087;118;32;204;A
80941;86;34;376;C
112460;102;11;202;A
89616;81;29;240;B
81741;73;13;223;A
107000;108;33;178;D
77112;82;28;270;C
91573;89;15;222;B
124233;114;1;152;D
32830;48;35;158;D
70906;81;18;131;A
133576;130;14;138;B
101832;99;13;208;B
46443;66;36;144;D
92918;99;48;240;A
100764;100;25;185;C
82856;84;15;228;B
60608;86;31;163;C
94576;99;26;102;A
106713;116;27;218;D
89152;83;25;203;C
118923;114;20;255;C
45169;62;40;176;A
143842;139;18;151;D
88568;115;32;139;B
89832;87;20;241;A
83509;97;39;154;B
65079;75;7;183;B
76847;81;22;191;C
105569;105;31;138;B
40914;58;22;65;D
117396;113;21;181;A
134282;116;19;211;A
79925;102;30;174;A
67482;84;37;219;A
113614;112;12;201;C
104737;95;25;224;A
112373;135;41;122;D
108242;110;11;186;D
140807;137;26;224;A
73909;87;23;207;D
122570;123;30;265;A
129492;119;13;233;D
102404;112;23;230;B
149210;135;8;239;B
137015;123;17;209;B
121151;122;19;174;D
123031;127;4;245;C
85941;85;34;213;C
127029;113;17;285;B
143741;125;18;214;A
57229;62;14;140;A
114651;124;20;229;B
87945;78;18;92;A
63724;70;12;171;B
90881;97;5;224;C
71677;65;28;194;B
78418;84;30;310;B
130151;116;24;206;B
118093;101;29;218;A
133705;125;4;176;D
100952;105;12;159;A
70856;65;21;241;B
67867;77;17;221;A
124540;103;12;202;A
93058;91;9;178;D
113739;118;17;227;C
110244;103;19;243;B
75725;77;7;200;D
91879;89;26;196;C
95689;120;14;215;D
63548;81;33;187;C
80835;69;9;148;A
83572;111;19;264;D
72498;103;35;223;C
82066;84;18;228;C
96946;99;26;165;A
110226;103;9;198;C
78154;84;27;189;C
111262;107;23;160;D
90450;86;24;163;D
83626;93;20;114;B
127180;114;8;198;C
87920;94;2;171;D
56696;66;28;123;D
80090;94;33;216;C
59122;66;28;113;A
79606;89;20;178;A
84733;87;8;126;B
152295;163;16;214;B
113598;109;22;242;C
99227;108;42;218;D
112973;104;16;299;C
82753;89;27;105;B
36360;46;22;190;A
147676;136;8;256;A
82212;89;25;226;D
73177;82;12;175;D
86437;87;28;203;D
135790;121;27;259;C
103105;114;21;174;D
123590;126;20;159;C
102161;105;22;210;A
85575;97;30;279;A
80882;94;41;71;C
82781;68;11;241;A
124649;105;12;234;A
103972;93;39;137;A
86430;92;20;297;D
111144;121;15;194;C
107912;124;26;173;D
125264;149;41;224;D
130530;109;16;303;A
88444;98;24;244;D
82275;81;26;145;B
95011;99;18;114;A
129973;134;33;203;B
81550;95;21;220;A
123877;134;9;147;C
61616;95;27;172;A
81959;104;28;163;C
143838;149;24;165;B
98779;100;25;176;B
86899;70;30;296;C
68251;86;22;160;A
81702;78;18;267;A
108452;101;0;209;A
92153;88;26;173;B
104607;107;13;213;D
139160;132;22;275;A
80235;80;14;256;D
86224;79;5;189;C
93190;94;-4;182;B
126111;117;20;199;A
111337;107;32;171;C
99552;102;19;179;C
128524;131;29;222;D
67973;94;38;209;C
159161;136;12;239;B
75177;69;18;236;C
125545;105;14;187;D
114854;118;19;132;B
141699;122;11;227;D
74839;70;10;169;A
92000;87;16;178;A
56614;61;31;177;B
91829;95;12;228;B
100900;89;14;247;A
140830;119;15;324;A
112117;108;6;143;A
87480;94;12;201;C
130252;127;11;178;A
129051;97;7;240;A
101346;126;21;206;B
109204;113;17;162;A
123607;113;15;185;A
101467;118;34;224;A
111352;87;15;197;A
63731;71;14;180;A
121913;116;2;295;A
77489;73;29;272;C
93983;81;22;243;C
83889;95;20;222;C
110576;111;25;206;C
86360;112;25;186;B
78460;63;12;242;B
124927;104;35;190;C
65319;64;14;120;D
127490;145;12;212;C
86803;81;12;184;B
146378;133;2;156;A
88677;93;26;139;C
113335;112;14;254;C
85800;83;25;214;B
75126;102;3;96;C
121434;112;15;202;B
125891;130;22;237;A
89621;87;11;126;A
60173;68;29;159;A
82831;75;-3;153;A
98823;102;17;167;B
110034;105;22;175;C
112114;94;8;252;A
94332;100;12;274;D
123400;93;9;229;B
108624;91;21;325;A
149495;144;26;191;A
96395;101;10;234;D
122856;124;32;213;B
177145;152;9;235;A
88678;73;26;231;B
96811;97;17;219;B
101972;99;24;262;B
114440;124;11;211;A
105205;93;27;208;C
113072;106;25;162;D
94268;103;25;144;A
97615;107;23;110;C
86576;87;8;177;B
147834;151;22;186;A
90939;77;21;282;D
101240;93;19;196;A
89384;108;26;266;A
122226;108;28;250;D
67350;76;39;213;D
97954;96;28;211;D
67048;72;15;243;D
124867;118;19;161;D
81708;81;20;194;A
76124;77;28;239;A
81622;99;30;168;A
61563;74;23;216;A
116347;104;21;254;A
75712;88;17;231;C
104178;87;3;216;A
82345;68;18;225;A
74202;50;19;253;B
127672;122;20;190;D
141200;135;18;224;D
109892;125;17;51;A
116639;98;11;251;D
116220;102;12;226;B
124346;107;2;278;B
95158;93;37;223;D
93978;109;24;187;D
119952;116;12;92;B
122030;118;15;89;B
98634;123;25;247;B
75864;91;24;223;A
97886;106;7;256;C
93581;97;24;300;C
60414;74;17;231;C
73254;81;12;158;D
108212;94;17;144;D
105918;105;22;203;B
102066;124;32;150;A
143836;116;4;190;D
68062;75;10;232;B
112039;112;2;237;C
75651;81;14;251;B
108749;118;28;229;C
63670;80;29;197;D
82944;75;32;270;D
91855;101;26;212;D
86834;83;27;175;C
131613;121;8;242;A
72205;79;14;203;C
92490;110;32;100;D
118872;119;13;246;C
82143;92;24;209;A
111844;109;14;297;B
98921;88;16;139;B
77775;77;10;238;B
53229;53;17;210;A
93636;81;21;120;A
105412;107;22;218;C
106785;101;22;190;C
72762;78;19;165;A
111037;98;18;220;D
46882;51;31;114;B
113979;116;20;165;C
79176;82;21;176;C
107226;97;34;188;A
82210;108;13;252;C
101900;82;11;197;B
123585;129;31;179;B
93187;106;45;191;A
111345;108;21;190;B
100293;116;31;179;A
98101;118;12;146;C
125760;110;15;160;D
131110;147;30;149;D
82487;87;8;158;B
129990;131;10;230;A
63935;72;38;202;B
94301;89;4;169;A
70823;90;28;194;B
76554;82;32;238;D
95398;102;33;293;B
117076;112;21;207;D
82558;83;22;179;B
96603;107;24;229;C
133670;112;24;230;C
113864;101;20;210;C
69446;83;14;199;B
75839;77;22;118;B
77027;82;29;177;B
137519;110;23;251;A
134379;135;20;181;C
77753;87;20;207;C
131644;129;6;247;C
87597;79;28;234;A
87065;88;23;246;C
91696;98;24;214;A
72408;91;23;186;C
94071;103;21;192;C
119984;116;26;144;C
99415;120;28;150;C
120407;115;-4;220;C
79735;69;26;258;A
79752;88;31;210;D
95121;92;15;172;A
106189;113;28;240;C
54705;68;35;250;A
74122;86;34;224;A
111672;113;5;166;D
132210;119;-9;233;B
117627;105;21;308;C
128900;133;25;176;D
42972;51;24;225;C
101106;104;28;188;B
104436;98;5;184;C
62877;79;14;138;C
74720;88;27;101;D
96738;104;11;252;D
110664;124;30;160;C
89846;105;23;163;C
103679;113;41;155;B
97577;81;22;210;A
97966;91;20;113;B
100767;99;25;153;A
110339;102;5;125;B
91791;110;30;304;A
77996;96;27;111;C
128120;115;39;152;A
95086;105;37;203;B
57893;72;21;160;D
109206;107;24;126;B
56506;65;13;251;D
78989;87;34;192;C
96372;105;20;204;A
77758;73;9;117;A
109790;97;31;263;B
83750;98;30;216;C
107465;97;29;202;B
77315;82;29;149;C
98018;112;27;200;B
118338;114;30;225;A
95739;92;22;251;A
98598;108;37;214;A
87852;83;24;170;A
94353;100;32;253;B
122162;115;13;141;C
85443;104;4;267;D
93034;102;24;201;D
117547;126;12;179;A
87720;85;-6;165;B
123384;115;23;174;D
126521;104;27;184;B
79308;85;30;268;A
105822;98;10;236;C
96936;92;17;197;C
109392;113;37;294;A
86264;108;25;195;C
63504;63;16;152;C
137164;132;34;294;B
60260;57;22;98;C
111762;113;12;263;D
107089;85;11;228;C
108709;121;21;128;C
123402;107;28;274;A
107190;127;26;121;D
91480;96;26;196;B
45487;51;10;154;A
89715;95;25;196;D
84354;102;28;246;C
138140;124;3;225;B
45505;76;39;175;D
85662;94;26;229;B
93862;90;24;151;B
135006;130;17;195;B
65830;67;15;205;B
109886;121;9;106;C
111677;123;16;127;D
103222;97;22;155;A
131903;117;13;239;A
111737;110;15;236;B
78187;85;6;170;B
74499;86;11;88;A
51595;59;29;159;B
138358;131;1;172;D
130683;125;20;304;D
129638;125;14;189;D
108152;99;20;186;D
88847;88;29;274;D
53199;66;16;177;B
84663;88;17;224;D
76133;81;16;197;A
64227;72;14;167;C
89381;106;25;206;A
96238;90;19;214;A
100262;108;16;253;D
92180;84;18;197;B
139918;141;20;170;D
134199;151;33;161;A
147987;129;6;219;A
89897;97;21;186;B
119199;112;12;223;C
73671;71;20;180;A
53606;73;22;180;D
79364;91;29;140;A
129219;133;17;221;B
94558;95;12;239;B
123636;118;30;154;A
89224;99;5;308;D
83186;93;42;205;C
114106;103;5;113;A
65667;97;29;226;D
131762;129;36;217;A
88976;73;1;187;A
99909;102;3;224;C
94030;99;33;226;A
108321;97;13;234;A
81063;87;23;148;B
107316;114;63;243;A
69358;70;18;172;A
118403;115;21;164;B
62514;56;5;270;D
116947;131;25;111;D
135959;114;3;242;B
102085;101;27;110;A
69487;51;3;232;B
117561;98;7;230;B
97948;85;11;179;B
123348;123;27;134;D
53608;67;34;186;A
57927;67;30;215;A
93835;95;4;315;C
99649;98;16;159;A
83505;87;13;227;B
96327;96;5;143;C
82766;94;19;98;C
85387;89;27;150;B
90275;86;23;265;C
77862;96;35;189;D
116974;119;19;237;D
148922;137;15;124;B
95323;120;21;210;D
108216;100;15;175;D
68062;75;21;199;A
124010;118;17;249;D
118829;129;21;110;A
92350;96;11;223;D
109111;96;22;243;B
115020;124;33;213;A
108821;103;-1;237;C
155909;145;11;304;D
100320;98;20;220;C
57344;67;10;175;A
104513;121;29;225;B
109086;107;18;186;D
86381;94;24;202;D
70177;74;20;68;C
134822;117;1;164;A
111279;111;4;217;D
99451;105;22;283;B
136154;131;18;168;A
64383;78;29;237;A
108068;104;29;210;D
92381;95;2;184;C
107330;110;18;194;D
104539;108;25;229;D
99412;97;27;278;C
54848;70;27;198;C
92471;100;25;261;B
111435;129;39;212;D
56223;60;5;226;D
88759;89;6;142;A
91051;110;9;178;D
74111;78;29;201;A
70210;79;38;284;A
73001;79;20;158;A
80761;84;10;204;B
121582;107;8;222;C
112554;139;28;222;C
105209;111;23;193;D
77775;83;23;207;A
89063;88;-2;103;A
108350;78;-1;183;A
97546;85;22;143;B
58991;86;40;183;D
120573;128;19;209;A
111588;112;26;242;C
63237;65;22;241;D
119940;116;5;197;A
117040;125;32;167;B
101070;95;32;198;B
125424;127;37;120;A
105749;106;5;188;D
102321;112;11;171;A
94097;93;43;184;C
137869;128;1;195;B
86428;101;15;152;C
88900;94;27;158;C
92691;109;22;130;C
95709;97;22;245;D
106764;94;11;266;C
106544;114;28;149;A
101443;95;5;180;B
90694;91;14;257;C
94882;89;17;237;C
57862;72;11;242;D
125308;132;28;178;A
109130;86;19;301;A
69927;92;27;134;D
106289;101;21;213;B
77390;87;15;193;B
41684;59;28;270;D
97133;108;40;124;B
103844;110;27;194;A
108702;95;28;128;D
73748;89;19;157;B
85937;83;32;123;D
147031;139;21;318;A
93235;94;23;204;B
97316;99;22;128;B
119840;102;15;229;A
82756;95;26;239;C
161998;147;5;183;D
98445;99;17;256;C
75333;78;7;170;A
129555;106;5;253;C
108126;121;23;112;C
103162;79;5;182;A
150500;133;19;285;B
92415;105;17;130;C
99462;96;4;150;B
130897;117;2;171;D
71523;71;24;123;B
138675;129;24;282;B
97349;88;16;204;B
96763;82;13;248;C
94151;89;5;182;D
108951;100;10;263;A
98950;81;4;231;B
35508;50;33;190;B
108354;102;1;212;B
130710;117;5;210;A
95131;95;25;278;C
107361;107;3;213;C
100275;115;30;180;D
82129;80;22;58;C
129963;134;34;121;D
74048;83;19;199;D
104710;101;23;182;D
109048;136;25;208;C
87844;104;22;196;D
97757;99;22;271;C
64334;77;23;129;B
80122;76;14;163;D
72242;89;17;154;C
77645;91;36;201;A
118284;133;23;182;C
92301;88;26;197;D
80081;77;16;254;A
109910;114;29;265;B
100572;103;26;227;D
82732;102;17;223;D
131027;129;22;249;D
110263;120;13;85;B
123428;123;29;208;D
97452;95;15;171;A
93291;96;26;233;A
100516;98;35;150;C
67194;83;39;134;C
82411;76;11;311;B
109331;107;13;187;C
103264;96;25;217;D
93149;100;13;202;B
121923;123;13;137;D
75537;86;40;214;A
139218;139;39;242;B
93090;91;27;211;B
99590;115;33;153;B
76399;77;13;247;C
113959;105;20;283;D
95020;84;29;254;B
84007;85;32;185;A
57850;74;11;209;C
105037;99;6;162;C
101437;115;44;282;B
95128;96;43;236;B
91309;94;34;209;C
92140;91;29;156;C
102166;113;5;199;D
118354;121;33;199;C
71253;56;16;215;C
85456;89;21;182;A
118514;117;-7;259;D
127579;130;32;122;D
127656;111;22;237;A
118921;97;9;281;A
117386;112;19;177;C
123462;104;6;181;A
126388;110;14;204;A
104434;109;27;250;A
131692;130;23;211;B
91225;107;27;186;A
86775;92;16;170;B
109520;120;39;194;B
96277;83;8;201;B
80709;94;29;211;A
39203;51;25;233;C
113793;103;14;253;D
95546;112;27;153;C
53058;65;43;153;B
146538;150;14;126;B
69564;81;7;206;A
82279;74;9;182;B
104947;93;21;239;B
106707;105;11;191;D
90245;91;8;248;D
117396;109;12;178;C
73851;82;29;144;B
108889;114;23;209;A
110084;102;-8;151;B
147623;137;18;132;C
117449;107;16;230;D
89497;99;15;141;C
113967;102;11;183;C
103440;111;33;159;C
84005;83;10;238;C
80734;79;20;186;C
75944;117;30;200;D
102733;101;24;257;B
62803;70;19;167;B
92573;80;8;165;D
112701;102;2;228;D
140356;123;12;301;D
121622;103;28;256;A
77652;99;14;252;D
81138;90;17;176;C
79179;85;19;195;C
64246;87;32;202;D
101916;108;13;145;D
79649;88;13;157;D
83007;103;29;236;D
89642;93;17;191;C
90201;103;26;150;B
118432;120;22;262;B
98835;115;39;175;D
87279;99;27;211;D
79997;80;14;273;B
99543;111;17;158;C
105553;102;29;83;C
85656;79;22;214;B
131904;120;3;207;C
124020;117;21;246;C
91124;86;29;186;A
174321;153;9;170;B
34148;37;27;202;B
113136;112;9;221;D
80912;90;22;214;D
113303;103;25;151;C
100094;79;1;264;B
97116;95;18;188;B
69863;87;19;172;D
124097;109;8;209;B
93288;109;18;108;A
109563;114;20;219;D
117411;107;9;244;D
88236;98;25;109;A
103112;98;12;182;D
135109;137;8;169;A
110147;117;30;223;D
89551;98;18;287;D
122744;130;34;157;A
122935;109;6;137;B
90455;98;20;144;B
84634;79;17;205;A
101734;106;3;169;D
92994;110;27;158;B
94081;87;24;173;B
88858;80;23;178;A
82068;73;16;219;B
65481;82;32;211;C
134426;121;17;250;B
118429;109;11;193;C
68209;81;22;135;D
70016;68;13;214;C
58500;44;-7;155;D
65806;81;22;239;D
106909;109;17;220;B
62233;76;26;281;A
86355;106;25;107;B
135668;134;22;228;B
53983;56;16;164;B
84083;97;12;169;B
75354;80;26;202;D
112968;119;37;247;B
102863;100;11;137;C
95010;107;32;131;A
87662;103;38;154;D
81462;104;35;229;B
98571;106;15;239;C
75631;80;21;166;C
139664;125;4;286;A
146321;130;17;152;A
98666;96;14;127;A
91136;96;28;267;C
74098;63;12;218;A
95264;103;13;103;C
48482;54;20;264;D
86806;95;11;157;B
82757;70;2;156;A
89713;83;24;193;D
116747;96;2;243;A
91041;110;16;262;C
109732;128;31;288;C
77670;91;23;215;D
105522;95;25;201;B
111844;95;9;158;C
90126;90;7;179;D
91433;93;28;259;C
131516;114;7;176;C
121843;135;33;196;C
129993;131;23;188;B
79516;97;20;154;C
111502;111;23;237;C
111775;88;7;253;D
61465;69;24;195;D
96332;110;30;177;A
125588;107;10;210;B
139507;131;18;217;A
115454;96;11;201;A
56794;65;20;140;C
108100;105;15;197;B
75634;69;29;211;C
90100;77;8;159;C
70124;90;18;131;C
94343;90;20;231;A
89361;72;1;258;D
117008;120;17;204;B
101723;106;10;216;B
66578;81;13;162;C
74865;83;27;267;A
70040;75;28;183;B
115723;107;7;237;D
100469;117;19;168;A
92697;90;4;206;B
103911;120;28;197;A
96007;93;14;182;A
110380;105;29;242;A
114802;122;7;144;C
70753;84;32;218;A
114313;102;13;180;D
103225;110;11;224;B
92720;91;15;226;A
112750;102;9;187;B
121000;107;-2;230;B
112794;123;20;286;C
123518;118;38;225;B
71788;92;20;95;D
121931;112;22;210;B
124131;131;37;151;B
77253;87;17;140;D
140408;128;11;189;A
83981;72;23;210;A
88759;82;19;211;C
117667;102;16;200;A
68377;65;22;226;B
96197;106;17;231;B
64621;57;12;219;C
97864;85;2;305;D
101349;80;10;136;C
102975;118;12;258;C
49892;78;22;231;C
114141;125;17;95;D
84481;83;12;222;A
101650;93;6;275;B
74604;83;20;208;A
118495;121;31;183;B
88285;73;12;224;B
106814;114;31;109;A
130056;119;13;187;D
82669;92;45;247;B
78243;73;15;154;D
118543;114;29;166;B
75326;80;24;184;C
75390;82;18;199;A
96752;86;9;242;D
82030;81;22;173;C
126119;133;30;323;C
117717;112;18;192;D
106378;106;17;244;C
84013;88;38;256;B
108592;121;11;136;C
105569;79;17;184;C
95239;95;14;228;D
120579;122;38;227;A
76353;81;29;264;B
88597;100;23;199;C
88206;84;16;251;B
91089;92;32;231;B
82700;98;27;238;D
114956;96;23;208;A
138311;119;18;226;C
98611;112;22;192;C
136756;116;2;190;A
131531;116;-6;230;D
142624;126;26;197;C
85871;104;34;228;C
117189;113;13;271;A
82571;93;35;256;B
93155;97;27;135;B
104474;110;34;191;C
94075;93;34;189;B
108330;92;17;218;A
92804;105;25;127;A
141508;130;21;203;C
61618;72;11;139;C
107270;90;22;227;A
110649;107;15;134;C
91737;106;28;90;C
93044;71;24;248;B
93300;85;20;266;A
71480;77;33;186;A
84629;99;24;178;D
126058;126;36;110;D
118419;99;-4;205;B
101730;95;27;200;B
150562;145;4;131;A
82930;87;25;145;B
93417;102;10;152;B
87891;93;18;179;C
87824;81;22;215;A
109369;112;33;310;C
106005;89;20;249;B
101921;117;32;220;D
89319;91;27;187;D
97381;97;10;85;C
99388;83;15;200;B
119510;93;-12;119;C
129681;107;13;286;A
60385;60;22;166;D
78520;80;19;195;C
112728;105;11;158;A
88478;77;13;188;C
103282;119;21;200;D
67436;79;20;196;A
84690;82;-2;144;C
116724;95;10;211;A
104839;94;19;232;B
74161;94;28;188;D
156056;108;-1;253;A
112363;111;19;206;C
76739;63;7;216;B
116409;119;27;185;C
133472;126;15;211;A
101192;84;16;263;A
75529;62;11;187;C
75300;67;4;116;B
73631;61;7;201;A
110129;106;15;282;C
114314;112;25;106;D
125537;129;23;144;A
82789;106;37;99;C
111794;118;22;322;B
85922;88;15;250;D
57427;80;25;71;B
109056;105;16;224;C
117214;106;33;242;B
37444;58;20;112;D
95392;118;43;112;C
95843;87;-3;215;D
132490;97;7;157;A
92032;79;27;252;B
108703;112;26;192;A
93013;92;19;146;A
71370;71;-2;204;D
105852;105;11;140;A
63787;67;30;218;D
105489;96;30;161;A
82833;100;14;168;D
168084;154;15;211;A
119705;110;4;208;C
81501;74;18;255;B
83887;107;24;171;D
86927;98;25;214;B
101833;104;40;216;B
47352;67;34;108;C
120096;133;28;197;A
125636;111;7;145;A
96232;92;20;232;A
73795;59;27;238;B
107479;107;11;191;A
92248;72;9;202;C
101618;76;4;218;A
115457;110;19;81;B
131112;114;9;287;D
100787;92;11;228;C
76403;67;14;208;A
46074;52;19;131;C
65662;71;23;239;C
90115;86;11;264;C
99252;80;18;246;B
90742;106;30;198;C
80865;83;25;268;B
86199;109;45;135;D
122407;123;11;202;C
104306;91;21;154;A
76760;72;19;187;D
66374;76;39;251;A
99367;115;14;216;C
84888;68;12;233;C
124432;132;29;146;A
115416;105;31;248;A
113347;119;29;227;B
96118;85;10;104;A
93566;87;16;202;C
89037;108;44;147;B
83763;96;1;185;B
98288;111;38;147;A
78460;96;28;158;D
95290;96;13;199;C
126075;135;17;124;D
102249;109;10;164;B
47784;53;16;221;B
111423;114;23;229;A
67781;86;26;141;D
112005;100;0;86;B
104762;127;16;165;C
149754;133;16;142;C
61317;60;12;241;D
61130;69;28;269;B
106946;108;31;220;C
82645;87;26;183;B
93115;90;11;251;C
119357;124;20;187;C
80129;90;25;155;C
57341;76;24;270;B
110032;93;7;176;D
110738;115;17;214;D
104308;104;12;196;A
110535;115;20;307;D
77080;64;19;268;A
119087;102;10;204;C
98319;113;43;166;A
117815;127;34;162;A
19413;45;32;239;C
53475;84;5;141;D
124359;116;29;236;A
114287;110;15;170;A
96130;107;20;237;C
88432;67;-6;176;B
81101;93;16;239;D
53991;56;25;246;D
107777;100;-1;192;D
86604;80;19;243;C
81306;71;15;218;C
91587;103;38;231;B
134412;136;18;210;D
68549;68;16;170;C
70129;82;23;195;C
105774;96;10;162;C
89769;85;23;91;C
76834;79;22;166;A
103327;112;0;255;D
76075;79;17;100;A
90995;96;14;188;D
129254;119;15;121;C
116520;107;13;172;D
70613;67;33;218;C
147694;126;13;184;A
109747;110;26;212;D
88677;104;31;107;C
104296;97;13;254;A
98644;82;18;228;A
89812;83;-1;120;A
82520;80;23;185;C
85321;72;10;250;B
111811;110;28;144;D
63647;72;23;185;B
115515;108;25;218;C
67373;82;28;176;C
130868;117;18;95;B
115108;120;21;222;B
108097;100;25;205;D
115543;107;17;231;B
117291;105;14;183;C
81853;71;28;116;C
109547;116;20;234;C
112530;115;27;225;C
89718;81;23;226;C
96674;80;15;198;C
121447;107;18;218;A
91640;78;23;172;D
84907;103;19;217;D
121099;112;14;149;B
107870;94;3;178;D
78037;97;28;149;D
86950;86;11;146;B
76343;93;15;236;C
79209;88;16;147;A
142857;150;24;132;C
90526;112;19;197;C
115501;122;16;172;C
117753;90;12;185;D
85197;95;27;158;A
162694;154;20;203;B
74468;83;44;149;B
100610;87;-1;74;A
91570;97;36;141;C
120544;122;11;175;A
24296;39;17;156;C
140498;141;27;170;A
56607;78;26;144;D
64819;75;22;268;B
100208;93;16;168;D
119935;113;13;199;A
67674;82;47;276;D
80456;62;-11;199;C
80659;90;23;205;B
88650;106;24;203;D
107022;117;19;204;A
103535;122;21;147;D
96394;91;24;189;A
116719;129;23;153;C
110284;123;24;151;C
68399;90;38;214;B
124200;118;7;101;A
118764;121;19;236;A
66656;72;16;267;D
150729;130;21;288;A
103873;98;19;139;C
139755;110;8;228;A
89481;98;16;191;B
89218;86;22;183;C
104882;130;19;154;C
136817;126;26;259;D
65091;78;27;152;D
121452;99;15;207;A
128890;110;11;240;C
57982;64;15;148;B
92694;90;17;210;D
107557;109;6;198;B
102559;93;5;155;D
45019;59;8;263;C
65484;70;30;185;A
60756;81;26;28;C
95439;103;29;221;B
87259;63;15;258;B
104144;110;9;202;B
122801;121;21;199;D
97622;88;32;215;A
120640;118;17;227;A
112528;119;23;205;C
84607;99;22;244;A
97806;92;28;143;A
76582;96;17;202;B
44754;62;22;211;A
120919;111;14;168;C
122667;106;25;238;A
94239;96;12;232;D
68591;45;21;292;A
99155;105;32;249;D
111317;111;18;136;C
47235;82;41;221;D
118874;120;16;255;C
90565;111;25;175;C
101323;76;7;216;B
65088;80;18;207;B
99680;95;6;86;B
71328;80;12;214;B
109400;79;7;157;B
141205;127;2;145;D
75609;76;16;130;D
121087;105;1;252;D
54854;68;17;188;D
82690;99;30;179;B
112105;111;21;243;A
127379;122;10;225;C
89491;77;10;252;D
72911;85;27;97;D
118769;117;0;216;D
109632;111;19;205;A
99098;94;4;184;D
97590;100;21;155;D
113459;90;3;212;A
107865;114;23;151;D
97205;106;8;123;C
94732;98;24;171;A
75413;83;32;144;D
105024;105;4;228;C
117648;94;11;190;D
61197;62;8;186;A
88024;80;21;133;C
60928;66;29;235;A
123093;118;21;296;D
115155;130;52;205;D
137637;147;18;151;D
135633;142;21;113;B
83645;84;18;132;C
79486;74;26;202;A
80979;87;18;248;D
132030;125;17;256;B
77796;80;15;156;D
76356;85;12;156;B
67971;85;33;263;D
83018;94;26;180;C
107127;113;33;171;A
56233;69;14;279;A
92959;99;22;140;D
52501;64;23;133;C
103158;120;3;257;C
112549;117;29;248;D
119002;105;20;185;B
104687;95;24;179;A
103990;120;26;91;C
108580;112;21;193;D
77640;76;5;140;B
155094;150;26;183;D
96868;87;26;279;C
77438;79;18;243;D
100623;108;27;225;A
98262;105;20;175;D
99378;103;3;175;D
69512;71;26;186;B
100417;101;23;215;C
97024;107;30;275;C
145564;144;7;142;C
77827;84;12;221;C
129589;114;6;252;A
98924;82;12;246;D
90576;106;26;211;C
79382;80;28;223;B
58329;60;17;324;D
53767;53;13;196;D
120730;117;8;202;A
77714;101;38;307;A
115574;107;29;166;A
59563;58;8;247;B
103548;97;21;352;C
110261;101;17;177;B
131982;133;20;180;D
77778;86;23;217;B
96540;116;41;179;A
113487;99;30;315;B
125803;118;23;225;A
117774;103;10;257;C
104078;103;35;280;D
107643;96;26;254;D
100423;101;23;286;A
86538;101;16;160;B
121280;96;5;212;C
86264;97;29;247;C
107173;117;18;192;C
90155;96;31;200;C
88448;83;30;184;C
104922;98;19;208;A
87505;74;15;219;D
108575;134;34;120;A
150624;149;26;202;D
96411;99;22;69;A
103124;100;32;172;A
70049;80;39;85;B
104048;106;5;193;B
124142;119;23;201;B
113194;115;30;181;C
121717;99;13;168;A
96562;125;14;90;B
144978;135;6;229;B
110501;93;19;297;B
110449;108;13;146;C
129955;123;8;177;A
80964;94;37;208;C
107390;102;7;166;C
92063;77;20;211;C
87389;82;20;245;C
53965;52;25;248;D
93543;86;8;107;D
86850;89;23;202;C
112934;121;43;254;D
88112;78;34;249;A
93174;98;12;227;B
94365;91;17;285;A
68680;92;22;129;D
94972;102;27;235;C
94061;130;24;124;A
87748;76;18;218;B
124278;113;27;275;C
80563;86;14;185;D
69299;77;21;170;D
109498;116;23;79;D
71206;74;20;152;C
59785;80;28;217;D
129325;120;12;209;A
107942;97;13;227;A
129743;131;22;159;D
162124;154;15;117;C
90678;103;26;182;D
129219;115;7;188;C
118044;102;16;287;C
79354;88;1;186;C
66616;85;38;212;C
110425;121;22;173;C
125406;114;21;114;A
117509;109;15;168;C
125725;117;17;297;B
86867;77;2;264;B
65591;78;19;285;D
95230;103;16;244;C
85250;110;24;129;B
131748;123;14;203;C
108791;129;23;205;A
94886;103;22;210;B
50301;77;36;257;D
59677;75;24;69;D
88073;80;29;165;C
121661;127;25;181;B
129570;108;12;215;A
120866;129;14;210;A
98705;86;18;61;A
112232;98;7;230;A
110446;112;30;186;A
92717;107;19;215;D
63615;76;20;128;C
59660;70;22;132;A
61861;51;32;215;A
98928;113;16;196;C
121392;111;9;210;C
85738;99;25;145;B
141674;140;9;100;B
104391;105;18;170;A
98463;90;20;168;C
128928;123;3;159;B
122746;120;19;165;D
77304;85;31;249;B
89042;101;26;191;B
107960;117;25;174;B
114854;119;19;130;C
92127;97;24;180;D
79007;74;15;161;D
114736;133;34;132;C
97375;102;18;197;C
74835;90;37;295;D
99572;93;-1;190;D
74512;91;15;201;A
79155;65;22;200;A
75227;96;39;160;A
124255;119;10;217;D
136668;145;22;170;D
76764;89;13;172;D
90514;96;12;185;C
115843;113;30;235;C
116531;96;18;120;B
90839;89;8;155;B
105409;93;21;246;A
105555;104;24;240;B
45801;55;12;155;C
108218;87;17;208;C
94462;102;33;208;C
117800;110;18;202;D
101156;80;-7;236;B
81578;88;28;220;C
87828;66;13;289;A
132428;109;20;290;C
97843;112;25;235;D
121922;98;-4;179;A
82453;100;37;146;B
31819;49;39;161;D
126471;128;11;153;A
94221;93;29;162;C
65324;88;47;207;A
90940;100;9;99;C
103042;112;27;290;C
136474;131;10;110;D
95449;107;13;179;B
66261;77;16;256;C
82536;98;18;160;D
92021;102;35;229;C
80945;103;31;206;D
98508;119;30;241;C
109118;98;24;258;B
72346;84;29;183;D
143290;127;18;255;A
155710;154;14;243;D
94699;93;10;190;A
121659;118;10;299;C
99145;121;28;260;C
105035;118;15;167;B
114702;91;8;189;B
91924;113;36;225;A
136991;124;35;223;B
144519;159;31;238;D
124072;107;19;145;D
118600;101;3;308;C
75225;81;29;244;D
79707;100;21;258;C
116776;114;13;196;A
125879;113;20;193;B
94921;81;16;225;C
100838;100;30;230;B
84506;78;6;226;B
124714;108;32;160;A
128276;101;16;264;A
111524;124;26;82;C
101243;103;12;241;B
129939;120;26;148;C
112717;111;3;216;C
90127;83;9;170;A
59088;70;33;221;D
109553;99;-6;197;D
150724;143;26;185;D
112726;115;20;242;D
132759;110;7;263;A
106250;112;14;205;B
139385;125;22;152;A
124083;133;18;201;B
129802;119;24;60;A
147006;125;24;158;C
118032;120;42;238;A
129092;128;15;264;D
117961;123;25;191;B
71229;68;17;205;C
92496;84;6;230;A
98964;95;23;175;A
106092;99;3;236;B
143666;139;27;237;C
132059;107;20;340;A
114920;121;26;218;C
74445;94;10;173;D
98225;103;16;239;C
87760;96;9;187;D
88295;96;30;160;C
131562;135;5;109;D
105967;106;28;169;D
103565;107;22;190;D
89937;99;29;153;D
87868;88;22;110;D
80142;95;28;211;C
70834;75;18;202;D
96959;99;10;257;B
102248;84;-1;282;A
101638;123;35;239;A
112335;130;32;204;C
80820;76;2;197;C
73692;74;30;170;C
121172;90;14;196;A
91536;98;25;190;C
104443;102;14;223;A
91287;115;36;161;B
71908;79;33;164;B
112744;104;31;234;B
97746;87;15;201;C
81552;87;16;160;D
109722;110;21;231;D
101094;102;14;170;A
111640;114;8;179;B
66553;83;18;222;B
94819;101;9;292;D
89996;96;23;70;B
120509;120;15;235;C
99664;99;16;240;C
94477;84;3;296;C
100979;114;37;228;D
105240;110;18;158;B
109371;116;17;236;D
104777;103;31;181;A
75088;83;9;179;D
81505;70;12;197;C
106921;122;27;255;D
121721;118;28;179;C
89133;100;2;128;D
50179;52;21;177;D
87979;98;21;116;D
113769;116;21;198;D
98792;90;30;251;B
111831;106;6;96;B
73022;79;16;261;D
125099;110;6;182;C
72680;73;17;190;B
97654;88;8;233;B
121633;124;17;252;B
96787;95;22;159;D
132230;128;26;185;D
103959;107;18;251;C
136722;124;20;190;A
98246;98;19;206;D
101791;113;15;151;A
115492;110;20;186;B
110336;92;4;194;A
143351;131;6;183;D
128718;117;16;196;C
91210;83;2;212;A
111719;123;25;162;C
94942;90;6;273;C
56410;47;18;182;A
89041;95;18;229;A
70040;81;38;171;C
98598;91;10;169;A
85593;87;7;144;D
42975;51;36;160;A
109753;89;2;167;A
130501;119;15;249;C
59029;66;30;175;D
93075;129;19;144;C
130720;130;21;193;C
81275;81;32;214;C
146922;145;25;313;A
86425;78;6;255;A
99475;102;21;151;C
110674;92;12;210;B
143909;125;26;208;B
91865;74;21;249;C
83224;90;20;204;D
73951;70;1;129;D
126436;116;25;167;A
98578;111;23;121;A
93703;97;4;129;B
96925;83;12;265;D
85833;80;14;253;D
98880;101;26;182;B
93269;72;4;223;C
140380;141;7;202;C
80306;77;24;206;A
101333;98;20;266;C
88134;88;16;202;C
98150;94;22;189;A
90365;98;17;179;A
130497;110;1;230;B
72811;83;8;235;C
86266;80;24;197;B
125754;115;8;176;D
120755;140;34;187;D
104771;114;34;211;C
110608;108;5;177;C
121654;103;30;223;A
103731;101;21;263;A
55841;61;22;215;D
95647;111;20;155;C
84639;89;23;235;D
114262;105;16;209;C
131835;130;14;253;C
78073;97;37;186;B
124225;111;11;129;A
84913;85;12;146;A
143897;128;8;208;B
146059;128;22;253;A
114503;115;13;152;B
130095;115;20;206;A
99974;105;23;248;B
100656;107;44;182;A
128016;110;7;172;A
99845;96;32;224;B
81896;88;21;171;B
89433;93;7;100;D
109244;110;39;228;B
79893;92;33;190;A
48374;61;25;142;D
113632;114;38;174;C
104659;104;23;118;B
82646;86;17;142;C
90946;95;29;221;D
113419;108;32;196;B
141680;132;1;195;A
135580;121;23;162;A
79208;87;30;214;C
145653;149;25;202;C
131908;125;17;287;A
129748;109;14;141;A
98519;107;16;202;B
89045;90;21;203;A
116771;110;16;341;B
109013;113;21;233;D
74277;97;25;213;C
113689;109;27;238;B
66843;82;18;153;D
122706;123;10;197;A
97986;98;19;255;A
56737;63;20;207;A
85254;90;-1;98;B
110472;105;0;233;D
105576;112;17;194;C
89330;76;12;150;B
89308;101;15;245;A
107936;97;13;252;C
111823;90;-2;210;C
88075;80;17;177;D
72654;72;15;229;C
113009;104;16;262;A
82707;77;12;186;B
89345;84;33;221;A
119276;115;15;198;C
84449;89;13;259;C
124904;106;21;213;B
117279;120;21;293;D
89253;104;24;201;B
99607;101;2;264;C
90655;87;28;205;B
79076;84;18;193;A
80702;82;21;182;D
126539;107;16;186;D
35718;62;15;126;C
100832;108;23;155;C
78672;76;22;207;B
91939;103;18;168;D
94992;125;25;185;D
101990;110;31;273;A
91751;94;10;244;C
103444;106;15;112;A
60900;66;18;256;D
83471;88;7;136;B
92806;94;29;202;D
26263;46;19;236;B
143704;135;8;153;B
99152;106;22;208;C
121132;120;17;249;C
107897;99;14;198;A
116616;109;12;301;B
122365;138;38;228;D
98040;100;32;197;A
111084;106;14;162;B
104255;110;22;203;D
103273;107;21;172;A
116892;112;27;189;A
79289;95;15;212;B
77065;93;36;278;B
62747;76;27;157;D
99058;93;26;206;C
95924;91;15;131;B
86735;88;30;242;A
126141;110;26;291;C
98983;105;26;142;D
78140;78;12;176;D
97910;91;23;300;D
98178;105;18;180;C
103300;106;20;225;C
94474;102;21;206;A
101609;87;7;180;C
145888;133;22;202;B
110400;109;6;127;A
87525;87;22;252;A
117034;124;35;138;B
93425;91;31;177;C
120725;133;23;209;B
103379;100;9;234;B
82449;78;14;179;D
93638;108;20;180;D
113170;124;13;151;C
83611;83;20;289;A
80404;79;10;209;D
95483;105;25;168;C
57581;63;18;145;D
94949;93;12;256;D
86218;88;12;207;D
103646;113;15;178;B
49949;63;22;211;D
66789;69;21;260;C
98566;94;18;261;C
71913;82;11;193;A
98989;107;32;256;B
92040;94;22;119;C
87694;88;15;159;C
126029;129;18;219;C
56803;58;25;150;A
140658;147;2;168;D
117294;104;7;159;D
94125;85;10;209;C
73126;77;28;190;D
75915;78;18;189;D
101718;114;26;157;D
118698;120;15;229;A
88165;86;32;251;A
117057;122;31;212;A
119087;104;23;144;A
109877;87;7;232;D
139482;126;17;300;B
134027;115;6;177;A
83374;75;4;163;C
103242;116;11;81;C
111846;126;28;142;B
74256;95;31;186;A
85602;88;22;174;A
102071;115;26;225;B
139260;130;12;120;B
96318;91;18;209;D
114330;108;7;177;B
112667;136;18;205;C
85174;95;42;220;B
96898;92;22;193;B
95606;86;21;150;D
89446;78;34;193;A
71110;72;38;282;C
114191;111;20;253;D
79061;94;29;177;C
65461;71;12;66;B
134437;110;-2;283;B
109783;87;18;154;A
55119;65;14;174;C
81565;86;30;149;C
68518;78;29;214;D
95087;98;25;133;C
130751;114;25;259;A
107434;119;24;187;C
108151;109;21;254;C
71218;84;19;192;D
123866;109;15;246;A
89549;78;18;143;C
112586;114;17;215;D
95112;96;16;226;D
91286;91;23;155;B
121375;112;24;163;D
103457;107;44;190;B
58402;61;25;212;A
51433;60;23;181;B
127142;141;23;173;D
115325;103;7;123;C
126201;127;18;135;B
149285;128;13;332;A
102110;98;9;238;D
87227;73;4;196;D
59574;71;28;174;D
53794;51;25;121;B
128412;131;19;138;A
101367;98;2;207;A
116618;117;16;170;C
96862;95;23;140;C
126513;125;22;201;C
103625;105;10;199;D
94544;106;31;102;D
113749;94;3;104;B
92566;98;21;168;C
105982;118;16;204;D
50026;45;11;216;C
85798;82;4;198;A
102066;77;26;252;A
106193;92;14;184;A
91572;79;11;264;D
111375;113;5;229;C
128275;125;33;236;D
95108;118;25;177;D
113807;121;23;231;D
101350;117;21;189;A
106691;117;16;144;A
91016;80;17;221;B
57187;64;29;265;C
129684;142;11;173;B
76466;87;39;234;C
142919;133;11;256;A
57798;67;33;185;C
78461;96;14;184;A
95026;97;25;208;D
95571;103;9;216;D
90070;80;15;169;B
89251;93;8;137;A
120669;116;17;218;B
94039;98;26;185;A
76870;88;33;141;C
102435;90;3;222;D
144539;149;28;200;B
105406;86;32;227;C
126508;112;21;299;C
132918;125;13;178;D
75456;78;27;196;C
81098;92;29;288;B
97796;108;23;196;D
132849;124;28;228;B
129071;122;15;263;C
106022;98;40;269;D
122750;107;3;171;A
110384;103;16;180;B
109344;105;15;167;A
94969;96;8;199;D
53333;62;23;235;C
98038;94;9;154;B
105005;105;23;179;A
99441;107;20;127;D
113977;99;19;211;A
108683;108;12;278;C
88662;95;21;195;B
59819;65;22;322;B
93594;96;21;234;D
85376;97;21;197;D
57797;52;21;231;D
121361;118;19;199;C
77214;77;6;167;A
109742;112;1;204;A
87124;104;28;146;D
95636;80;12;234;B
99973;104;17;242;C
144183;125;17;202;C
90756;103;36;169;C
104237;94;34;174;A
99309;100;17;242;B
82136;93;16;164;B
74423;68;6;222;C
97612;103;28;252;A
80105;81;-5;232;B
64759;68;16;182;C
57890;61;21;234;B
115674;92;10;212;A
96246;112;32;149;C
83431;69;21;275;B
67846;85;38;189;A
112195;108;50;282;A
91008;74;16;199;A
141376;130;12;204;C
83963;83;42;249;C
63138;90;-1;255;D
131141;124;22;168;A
110147;110;25;182;B
110674;117;37;161;C
64663;77;12;218;D
116030;121;9;100;A
100785;99;21;156;D
100530;109;27;311;C
83470;100;33;157;D
73752;96;35;289;D
119789;142;15;136;B
103481;73;4;240;B
113332;128;29;176;B
101820;93;15;140;B
89415;85;7;207;B
95120;113;27;159;D
91189;91;28;309;C
143138;118;16;214;B
88967;80;-8;128;D
81338;78;19;234;A
120040;125;23;296;C
132649;114;16;273;B
93884;96;25;144;A
119068;110;27;217;A
123180;101;20;215;A
86030;101;26;147;C
102352;90;11;198;B
114092;105;0;195;C
115801;97;6;160;A
122801;125;11;196;B
58629;66;4;102;B
97203;113;39;260;D
100352;88;12;233;B
94028;89;21;177;B
79264;98;14;173;D
119105;127;36;209;C
76949;71;21;235;C
76061;81;37;331;D
100912;95;9;181;B
102000;103;25;166;C
104496;103;5;244;C
139040;139;19;166;A
112220;104;7;198;B
116212;98;17;171;A
119942;103;24;275;A
77002;82;34;254;C
118016;114;10;165;A
83824;85;28;302;C
85717;81;28;290;A
114524;108;11;145;A
75629;111;53;233;A
78093;68;15;208;A
116935;126;17;192;C
69989;59;21;214;C
134758;120;-9;147;D
82729;101;36;281;D
98098;123;26;249;D
87745;111;18;172;A
119318;129;38;114;C
87756;99;27;115;B
119007;117;23;104;B
72834;77;7;166;B
91506;97;35;225;C
105544;128;20;151;A
127414;114;22;265;B
58294;70;40;165;A
81339;87;24;212;B
102872;102;21;208;D
89666;82;9;188;A
71050;84;18;218;D
142079;133;13;183;C
69075;78;13;200;D
96558;104;17;151;B
118147;116;27;278;D
104643;104;32;278;A
79000;96;20;259;B
130439;113;16;298;B
76958;90;27;197;C
136521;131;11;246;B
89688;88;3;260;B
68855;76;25;210;C
36056;33;19;156;A
108623;105;-4;198;C
89878;79;-3;109;B
97181;101;22;224;B
54020;68;30;159;D
105914;119;25;240;D
95496;95;16;220;D
115714;122;35;238;C
107562;110;10;157;B
128238;118;16;228;C
119829;111;12;276;A
99399;104;24;203;C
140946;130;2;247;B
93794;91;3;226;B
78582;74;-1;201;C
144845;140;19;229;A
98917;94;33;210;A
121184;119;36;210;A
97757;93;10;175;C
104030;105;14;291;B
114755;110;10;236;A
63650;62;23;100;D
100826;106;23;217;B
89032;81;27;253;A
132642;138;1;162;C
114076;113;5;207;D
122285;124;14;115;A
100984;94;12;286;B
114854;101;25;218;A
109617;106;18;170;D
120310;107;3;234;A
84182;80;31;259;D
108091;95;24;156;A
100834;75;11;266;C
145033;129;7;185;A
94722;95;15;217;B
123284;114;9;187;D
106179;97;34;146;A
114681;115;16;131;B
101774;107;19;294;D
134318;120;27;165;A
135514;118;25;202;C
99046;109;37;108;B
84240;92;24;192;B
56176;91;39;178;C
110026;111;14;158;A
109730;84;5;211;D
125214;123;17;187;D
113070;112;22;245;A
91965;109;27;236;C
